readtoken-106865	readtoken-106962
readtoken-106865	readtoken-106958
strftime_case____0-88737	strftime_case____0-90507
strftime_case____0-88737	strftime_case____0-90505
strftime_case____0-88737	strftime_case____0-90509
check_arrival-104940	check_arrival-104811
check_arrival-104940	check_arrival-104809
build_wcs_upper_buffer-95034	build_wcs_upper_buffer-95259
keycompare-116945	keycompare-117383
keycompare-116945	keycompare-117381
keycompare-117015	keycompare-117409
keycompare-117015	keycompare-117403
keycompare-117258	keycompare-117469
keycompare-117258	keycompare-117467
keycompare-117302	keycompare-117479
keycompare-117316	keycompare-117493
keycompare-117316	keycompare-117489
keycompare-117330	keycompare-117489
keycompare-117351	keycompare-117493
keycompare-117503	keycompare-117465
keycompare-117503	keycompare-117399
keycompare-117503	keycompare-117431
build_trtable-105422	build_trtable-105646
strftime_case____0-91046	strftime_case____0-90673
hash_rehash-72401	hash_rehash-79275
hash_rehash-72401	hash_rehash-79271
check_node_accept_bytes-106080	check_node_accept_bytes-106113
extend_buffers-106334	extend_buffers-106301
extend_buffers-106334	extend_buffers-106305
parse_with_separator-86524	parse_with_separator-89156
verrevcmp-78784	verrevcmp-83363
verrevcmp-78796	verrevcmp-83371
verrevcmp-78796	verrevcmp-83367
verrevcmp-78872	verrevcmp-83395
strftime_case____0-90866	strftime_case____0-90493
strftime_case____0-90866	strftime_case____0-90499
printf_parse-110045	printf_parse-110943
printf_parse-110045	printf_parse-110725
printf_parse-110045	printf_parse-110717
printf_parse-110045	printf_parse-110935
printf_parse-110045	printf_parse-110947
printf_parse-110045	printf_parse-110715
printf_parse-110045	printf_parse-110933
printf_parse-110161	printf_parse-110705
printf_parse-110263	printf_parse-110777
printf_parse-110263	printf_parse-110785
printf_parse-110263	printf_parse-110775
printf_parse-110616	printf_parse-110941
prune_impossible_nodes-102866	prune_impossible_nodes-102843
fillbuf___7-116652	fillbuf___7-116607
fillbuf___7-116652	fillbuf___7-116609
fillbuf___7-116468	fillbuf___7-116625
keycompare-117507	keycompare-117455
keycompare-117507	keycompare-117433
keycompare-117507	keycompare-117447
keycompare-117507	keycompare-117441
keycompare-117507	keycompare-117467
keycompare-117040	keycompare-117415
keycompare-117040	keycompare-117417
fraccompare-ENTRY	fraccompare-89737
fraccompare-ENTRY	fraccompare-89739
fraccompare-ENTRY	fraccompare-89741
fraccompare-ENTRY	fraccompare-89743
fraccompare-ENTRY	fraccompare-89745
fraccompare-ENTRY	fraccompare-89747
fraccompare-ENTRY	fraccompare-89749
fraccompare-ENTRY	fraccompare-89751
fraccompare-ENTRY	fraccompare-89753
fraccompare-ENTRY	fraccompare-89755
fraccompare-ENTRY	fraccompare-89757
fraccompare-ENTRY	fraccompare-89759
strftime_case_-82575	strftime_case_-82586
strftime_case_-77777	strftime_case_-82596
vasnprintf-84813	vasnprintf-87670
vasnprintf-84813	vasnprintf-87668
clean_state_log_if_needed-103219	clean_state_log_if_needed-103478
strftime_case____0-90945	strftime_case____0-90563
strftime_case____0-90948	strftime_case____0-90565
strftime_case____0-90948	strftime_case____0-90571
get_subexp-104347	get_subexp-104504
re_search_internal-102644	re_search_internal-102404
re_search_internal-102644	re_search_internal-102396
strftime_case_-77904	strftime_case_-82620
strftime_case_-77904	strftime_case_-82624
strftime_case_-77904	strftime_case_-82622
main-119129	main-120073
main-119129	main-119969
main-119129	main-119875
main-119129	main-120081
main-119129	main-120061
main-119129	main-119879
main-119129	main-119957
main-119129	main-120033
main-119129	main-119889
main-119129	main-120029
main-119129	main-119881
main-119129	main-120021
main-119129	main-119985
main-119129	main-119997
main-119129	main-120079
main-119129	main-119883
xgethostname-87017	xgethostname-86982
randint_genmax-107632	randint_genmax-107700
randint_genmax-107730	randint_genmax-107708
getmonth-116809	getmonth-116785
getmonth-116702	getmonth-116785
getmonth-116808	getmonth-116787
strftime_case_-83156	strftime_case_-82758
strftime_case_-83156	strftime_case_-82752
strftime_case____0-88135	strftime_case____0-90379
strftime_case____0-88135	strftime_case____0-90621
strftime_case____0-88135	strftime_case____0-90493
strftime_case____0-88135	strftime_case____0-90451
strftime_case____0-88135	strftime_case____0-90663
strftime_case____0-88135	strftime_case____0-90333
strftime_case____0-88135	strftime_case____0-90439
strftime_case____0-88135	strftime_case____0-90543
strftime_case____0-88135	strftime_case____0-90565
strftime_case____0-88135	strftime_case____0-90209
strftime_case____0-88135	strftime_case____0-90545
strftime_case____0-88135	strftime_case____0-90381
strftime_case____0-88135	strftime_case____0-90627
strftime_case____0-88135	strftime_case____0-90207
strftime_case____0-88135	strftime_case____0-90477
strftime_case____0-88135	strftime_case____0-90495
strftime_case____0-88135	strftime_case____0-90479
strftime_case____0-88135	strftime_case____0-90675
strftime_case____0-88135	strftime_case____0-90437
strftime_case____0-88135	strftime_case____0-90335
strftime_case____0-88135	strftime_case____0-90505
strftime_case____0-88135	strftime_case____0-90625
strftime_case____0-88135	strftime_case____0-90471
strftime_case____0-88135	strftime_case____0-90677
strftime_case____0-88135	strftime_case____0-90453
strftime_case____0-88135	strftime_case____0-90661
strftime_case____0-88135	strftime_case____0-90567
strftime_case____0-88135	strftime_case____0-90461
get_subexp-104580	get_subexp-104536
main-120520	main-119979
printf_parse-110575	printf_parse-110927
printf_parse-110632	printf_parse-110945
avoid_trashing_input-118313	avoid_trashing_input-118547
merge-118492	merge-118618
re_search_internal-102347	re_search_internal-102508
re_search_internal-102348	re_search_internal-102404
re_search_internal-102348	re_search_internal-102396
re_search_internal-102348	re_search_internal-102508
re_search_internal-102574	re_search_internal-102404
update_cur_sifted_state-103302	update_cur_sifted_state-103526
seen_triple-ENTRY	seen_triple-84604
re_node_set_insert-ENTRY	re_node_set_insert-96311
parse_with_separator-86467	parse_with_separator-89136
parse_with_separator-86467	parse_with_separator-89134
vasnprintf-85327	vasnprintf-87868
sift_states_iter_mb-ENTRY	sift_states_iter_mb-103961
sift_states_iter_mb-103970	sift_states_iter_mb-103957
sha1_process_bytes-92609	sha1_process_bytes-92588
sha256_process_bytes-92056	sha256_process_bytes-92043
sha256_process_bytes-90997	sha256_process_bytes-92047
md5_process_block-ENTRY	md5_process_block-113709
add_exclude_file-79731	add_exclude_file-84001
add_exclude_file-79731	add_exclude_file-83995
sift_states_bkref-103764	sift_states_bkref-103881
sift_states_bkref-103764	sift_states_bkref-103883
sift_states_bkref-103764	sift_states_bkref-103879
sift_states_bkref-103913	sift_states_bkref-103877
sift_states_bkref-103914	sift_states_bkref-103879
set_regs-102908	set_regs-103236
set_regs-102908	set_regs-103238
set_regs-102969	set_regs-103258
proceed_next_node-102800	proceed_next_node-103126
sift_states_backward-103103	sift_states_backward-103391
sift_states_backward-103103	sift_states_backward-103389
specify_sort_size-116069	specify_sort_size-116030
sort-118518	sort-118743
verrevcmp-83404	verrevcmp-83379
verrevcmp-83408	verrevcmp-83379
strftime_case_-82956	strftime_case_-82538
strftime_case_-82956	strftime_case_-82532
merge-118346	merge-118592
merge-118420	merge-118616
merge-118420	merge-118604
merge-118699	merge-118614
hash_insert-79370	hash_insert-79329
hash_insert-79370	hash_insert-79327
hash_insert-79370	hash_insert-79325
re_node_set_init_union-ENTRY	re_node_set_init_union-96173
re_node_set_init_union-ENTRY	re_node_set_init_union-96195
re_node_set_init_union-ENTRY	re_node_set_init_union-96191
re_node_set_init_union-ENTRY	re_node_set_init_union-96193
re_node_set_init_union-ENTRY	re_node_set_init_union-96197
re_node_set_init_union-ENTRY	re_node_set_init_union-96199
re_node_set_init_union-ENTRY	re_node_set_init_union-96175
re_node_set_init_union-ENTRY	re_node_set_init_union-96171
re_node_set_init_union-ENTRY	re_node_set_init_union-96189
re_node_set_init_union-ENTRY	re_node_set_init_union-96183
re_node_set_init_union-ENTRY	re_node_set_init_union-96187
re_node_set_init_union-ENTRY	re_node_set_init_union-96177
umaxtostr-ENTRY	umaxtostr-89379
strftime_case_-82853	strftime_case_-82704
strftime_case_-82853	strftime_case_-82434
strftime_case_-82853	strftime_case_-82684
strftime_case_-82853	strftime_case_-82430
strftime_case_-82853	strftime_case_-82442
strftime_case_-82853	strftime_case_-82732
strftime_case_-82853	strftime_case_-82446
strftime_case_-82853	strftime_case_-82652
strftime_case_-82853	strftime_case_-82736
strftime_case_-82853	strftime_case_-82638
strftime_case_-82853	strftime_case_-82678
strftime_case_-82853	strftime_case_-82640
strftime_case_-82853	strftime_case_-82702
strftime_case_-82853	strftime_case_-82324
strftime_case_-82853	strftime_case_-82734
strftime_case_-82853	strftime_case_-82488
strftime_case_-82853	strftime_case_-82502
strftime_case_-82853	strftime_case_-82440
strftime_case_-82853	strftime_case_-82648
strftime_case_-82853	strftime_case_-82646
strftime_case_-82853	strftime_case_-82650
strftime_case_-82853	strftime_case_-82498
strftime_case_-82853	strftime_case_-82644
strftime_case_-82853	strftime_case_-82412
strftime_case_-82853	strftime_case_-82642
strftime_case_-82853	strftime_case_-82500
strftime_case_-82853	strftime_case_-82496
strftime_case_-82853	strftime_case_-82740
strftime_case_-82853	strftime_case_-82654
set_regs-103342	set_regs-103234
set_regs-102926	set_regs-103242
set_regs-102926	set_regs-103244
strftime_case____0-90831	strftime_case____0-90463
strftime_case____0-90831	strftime_case____0-90461
build_sifted_states-103167	build_sifted_states-103434
build_sifted_states-103167	build_sifted_states-103438
vasnprintf-85168	vasnprintf-87798
keycompare-117462	keycompare-117473
re_string_reconstruct-95431	re_string_reconstruct-95714
numcompare-87617	numcompare-89865
numcompare-87617	numcompare-89853
read_utmp-106547	read_utmp-106624
mergefps-117808	mergefps-118156
mergefps-117808	mergefps-118152
begfield-ENTRY	begfield-116272
begfield-ENTRY	begfield-116280
create_temp_file-115492	create_temp_file-115428
vasnprintf-84654	vasnprintf-88096
vasnprintf-84654	vasnprintf-87778
vasnprintf-84654	vasnprintf-87604
vasnprintf-84654	vasnprintf-87862
vasnprintf-84654	vasnprintf-88104
vasnprintf-84654	vasnprintf-87870
vasnprintf-84654	vasnprintf-87792
vasnprintf-84654	vasnprintf-87800
vasnprintf-84654	vasnprintf-87612
vasnprintf-84654	vasnprintf-87592
vasnprintf-84654	vasnprintf-87594
vasnprintf-84654	vasnprintf-87852
vasnprintf-84654	vasnprintf-87782
vasnprintf-84654	vasnprintf-88086
vasnprintf-84654	vasnprintf-87780
check_arrival-104665	check_arrival-104815
check_arrival-104665	check_arrival-104823
check_arrival-104924	check_arrival-104833
check_arrival-104924	check_arrival-104835
strftime_case____0-89124	strftime_case____0-90645
specify_sort_size-116045	specify_sort_size-116048
specify_sort_size-116061	specify_sort_size-116048
printf_parse-111131	printf_parse-110913
re_search_internal-102236	re_search_internal-102536
memxfrm-112473	memxfrm-112589
re_string_reconstruct-95918	re_string_reconstruct-95746
md5_process_bytes-112891	md5_process_bytes-112870
sha256_process_bytes-91003	sha256_process_bytes-92051
re_string_reconstruct-95891	re_string_reconstruct-95790
re_string_reconstruct-95891	re_string_reconstruct-95780
build_wcs_buffer-94887	build_wcs_buffer-94982
build_wcs_buffer-95012	build_wcs_buffer-94982
re_string_reconstruct-95827	re_string_reconstruct-95720
strftime_case_-83274	strftime_case_-82452
strftime_case_-83274	strftime_case_-82454
strftime_case_-83274	strftime_case_-82450
strftime_case_-82878	strftime_case_-82448
strftime_case_-82881	strftime_case_-82456
strftime_case_-82881	strftime_case_-82450
printf_parse-110555	printf_parse-110919
sha1_process_bytes-92046	sha1_process_bytes-92580
randint_genmax-107684	randint_genmax-107708
build_wcs_upper_buffer-94907	build_wcs_upper_buffer-95235
open_input_files-117618	open_input_files-117783
keycompare-117618	keycompare-117475
create_cd_newstate-96662	create_cd_newstate-96765
strftime_case_-76939	strftime_case_-82312
set_regs-103239	set_regs-103242
set_regs-103239	set_regs-103244
humblock-71692	humblock-78862
humblock-71692	humblock-78864
humblock-71692	humblock-78856
canonicalize_filename_mode-84799	canonicalize_filename_mode-84702
re_search_stub-101567	re_search_stub-101839
strftime_case____0-88536	strftime_case____0-90413
strftime_case_-83270	strftime_case_-82466
fillbuf___7-116431	fillbuf___7-116609
fillbuf___7-116472	fillbuf___7-116615
fillbuf___7-116472	fillbuf___7-116613
printf_parse-110336	printf_parse-110781
sort-118876	sort-118753
sort-118876	sort-118747
sort-118876	sort-118761
sort-118544	sort-118759
sort-118544	sort-118749
areadlink_with_size-82151	areadlink_with_size-85825
areadlink_with_size-82151	areadlink_with_size-85827
re_string_reconstruct-95375	re_string_reconstruct-95704
vasnprintf-86080	vasnprintf-88102
vasnprintf-84676	vasnprintf-87600
proceed_next_node-102783	proceed_next_node-103120
md5_process_bytes-112837	md5_process_bytes-112868
get_subexp-104406	get_subexp-104534
get_subexp-104592	get_subexp-104538
get_subexp-104594	get_subexp-104532
re_node_set_compare-96354	re_node_set_compare-96363
re_node_set_compare-96354	re_node_set_compare-96359
printf_parse-ENTRY	printf_parse-110943
printf_parse-ENTRY	printf_parse-110725
printf_parse-ENTRY	printf_parse-110945
printf_parse-ENTRY	printf_parse-110649
printf_parse-ENTRY	printf_parse-110941
printf_parse-ENTRY	printf_parse-110789
printf_parse-ENTRY	printf_parse-110927
printf_parse-ENTRY	printf_parse-110923
printf_parse-ENTRY	printf_parse-110947
printf_parse-ENTRY	printf_parse-110729
printf_parse-ENTRY	printf_parse-110785
printf_parse-ENTRY	printf_parse-110933
printf_parse-110955	printf_parse-110649
printf_parse-111095	printf_parse-110827
printf_parse-111150	printf_parse-110933
sortlines_temp-118508	sortlines_temp-118493
vasnprintf-ENTRY	vasnprintf-87556
vasnprintf-ENTRY	vasnprintf-87618
vasnprintf-ENTRY	vasnprintf-87620
vasnprintf-ENTRY	vasnprintf-87622
vasnprintf-ENTRY	vasnprintf-87624
vasnprintf-ENTRY	vasnprintf-87626
vasnprintf-ENTRY	vasnprintf-87644
vasnprintf-ENTRY	vasnprintf-87652
vasnprintf-ENTRY	vasnprintf-87664
vasnprintf-ENTRY	vasnprintf-87844
vasnprintf-ENTRY	vasnprintf-87848
md5_process_block-113719	md5_process_block-113709
sortlines-118488	sortlines-118472
printf_parse-110295	printf_parse-110765
strftime_case_-77445	strftime_case_-82556
strftime_case_-77445	strftime_case_-82520
merge-118357	merge-118592
merge-118357	merge-118600
merge-118357	merge-118594
strftime_case_-82890	strftime_case_-82474
strftime_case_-82890	strftime_case_-82464
strftime_case_-82890	strftime_case_-82486
avoid_trashing_input-118247	avoid_trashing_input-118525
build_wcs_buffer-ENTRY	build_wcs_buffer-94968
update_cur_sifted_state-103271	update_cur_sifted_state-103516
numcompare-ENTRY	numcompare-89847
numcompare-ENTRY	numcompare-89773
numcompare-ENTRY	numcompare-89793
numcompare-ENTRY	numcompare-89799
numcompare-ENTRY	numcompare-89851
numcompare-ENTRY	numcompare-89865
numcompare-ENTRY	numcompare-89803
numcompare-ENTRY	numcompare-89861
numcompare-ENTRY	numcompare-89807
numcompare-ENTRY	numcompare-89857
numcompare-ENTRY	numcompare-89859
numcompare-ENTRY	numcompare-89801
numcompare-ENTRY	numcompare-89785
numcompare-ENTRY	numcompare-89839
build_wcs_buffer-94821	build_wcs_buffer-94964
transit_state_bkref-104406	transit_state_bkref-104350
transit_state_bkref-104411	transit_state_bkref-104342
strftime_case____0-88694	strftime_case____0-90487
re_search_internal-102083	re_search_internal-102476
readtokens-107037	readtokens-107210
sift_states_backward-ENTRY	sift_states_backward-103391
re_node_set_init_union-96173	re_node_set_init_union-96177
re_node_set_init_union-95974	re_node_set_init_union-96185
re_node_set_init_union-95974	re_node_set_init_union-96181
re_node_set_init_union-95974	re_node_set_init_union-96183
limfield-116427	limfield-116435
build_upper_buffer-95487	build_upper_buffer-95480
numcompare-87349	numcompare-89783
numcompare-87553	numcompare-89837
numcompare-87585	numcompare-89845
numcompare-87601	numcompare-89849
numcompare-89883	numcompare-89775
numcompare-89885	numcompare-89771
numcompare-89891	numcompare-89789
numcompare-89893	numcompare-89791
numcompare-89895	numcompare-89799
numcompare-89897	numcompare-89801
numcompare-89918	numcompare-89843
numcompare-89924	numcompare-89857
numcompare-89926	numcompare-89859
strftime_case____0-88560	strftime_case____0-90425
strftime_case____0-88560	strftime_case____0-90455
strftime_case____0-90755	strftime_case____0-90383
strftime_case____0-90755	strftime_case____0-90391
strftime_case____0-90755	strftime_case____0-90373
strftime_case_-83089	strftime_case_-82686
strftime_case_-83092	strftime_case_-82694
strftime_case_-83092	strftime_case_-82688
fillbuf___7-116412	fillbuf___7-116607
fillbuf___7-116412	fillbuf___7-116597
printf_parse-110222	printf_parse-110729
vasnprintf-85897	vasnprintf-88024
vasnprintf-85897	vasnprintf-88026
strftime_case_-82909	strftime_case_-82470
strftime_case_-82909	strftime_case_-82476
merge_state_with_log-103964	merge_state_with_log-104017
mergefps-117992	mergefps-118192
mergefps-117992	mergefps-118190
printf_parse-110599	printf_parse-110937
sort_buffer_size-116048	sort_buffer_size-116131
cmp_hashes-116810	cmp_hashes-116883
cmp_hashes-116810	cmp_hashes-116885
reap-115300	reap-115290
strftime_case_-77421	strftime_case_-82508
vasnprintf-84625	vasnprintf-87578
add_exclude_file-79615	add_exclude_file-83989
add_exclude_file-79615	add_exclude_file-83975
hash_delete-79393	hash_delete-79375
merge-118636	merge-118600
strftime_case_-82855	strftime_case_-82414
strftime_case_-82858	strftime_case_-82416
strftime_case_-82858	strftime_case_-82422
vasnprintf-88490	vasnprintf-88018
re_search_internal-102022	re_search_internal-102520
re_string_reconstruct-ENTRY	re_string_reconstruct-95790
re_string_reconstruct-ENTRY	re_string_reconstruct-95724
re_string_reconstruct-ENTRY	re_string_reconstruct-95720
re_string_reconstruct-ENTRY	re_string_reconstruct-95682
re_string_reconstruct-ENTRY	re_string_reconstruct-95714
re_string_reconstruct-ENTRY	re_string_reconstruct-95730
re_string_reconstruct-ENTRY	re_string_reconstruct-95702
re_string_reconstruct-ENTRY	re_string_reconstruct-95770
re_string_reconstruct-ENTRY	re_string_reconstruct-95780
sift_states_bkref-103747	sift_states_bkref-103871
pipe_fork-115624	pipe_fork-115576
xsum-ENTRY	xsum-85898
match_ctx_add_entry-106364	match_ctx_add_entry-106437
keycompare-117022	keycompare-117407
vasnprintf-84603	vasnprintf-87568
check_arrival-104622	check_arrival-104799
check_arrival-104622	check_arrival-104801
check_arrival-104873	check_arrival-104793
strftime_case_-76800	strftime_case_-82416
strftime_case_-76800	strftime_case_-82576
strftime_case_-76800	strftime_case_-82620
strftime_case_-76800	strftime_case_-82752
strftime_case_-76800	strftime_case_-82794
strftime_case_-76800	strftime_case_-82418
strftime_case_-76800	strftime_case_-82472
strftime_case_-76800	strftime_case_-82584
strftime_case_-76800	strftime_case_-82748
strftime_case_-76800	strftime_case_-82664
strftime_case_-76800	strftime_case_-82792
strftime_case_-76800	strftime_case_-82470
strftime_case_-76800	strftime_case_-82286
strftime_case_-76800	strftime_case_-82288
strftime_case_-76800	strftime_case_-82606
strftime_case_-76800	strftime_case_-82534
strftime_case_-76800	strftime_case_-82532
strftime_case_-76800	strftime_case_-82562
strftime_case_-76800	strftime_case_-82604
strftime_case_-76800	strftime_case_-82552
strftime_case_-76800	strftime_case_-82550
strftime_case_-76800	strftime_case_-82688
strftime_case_-76800	strftime_case_-82582
strftime_case_-76800	strftime_case_-82754
strftime_case_-76800	strftime_case_-82662
strftime_case_-76800	strftime_case_-82690
vasnprintf-84778	vasnprintf-87656
vasnprintf-85933	vasnprintf-88042
merge-118371	merge-118596
printf_parse-111055	printf_parse-110775
parse_with_separator-86472	parse_with_separator-89150
parse_with_separator-86472	parse_with_separator-89142
filevercmp-83460	filevercmp-83445
strftime_case_-83198	strftime_case_-82792
strftime_case_-83198	strftime_case_-82798
re_node_set_init_union-96185	re_node_set_init_union-96187
numcompare-87396	numcompare-89795
numcompare-87396	numcompare-89807
hash_initialize-79131	hash_initialize-79117
strftime_case_-83192	strftime_case_-82808
mergefps-117911	mergefps-118184
mergefps-117911	mergefps-118176
mergefps-117911	mergefps-118192
mergefps-117911	mergefps-118180
mergefps-117911	mergefps-118204
mergefps-117911	mergefps-118170
transit_state_mb-104063	transit_state_mb-104178
expand_bkref_cache-105231	expand_bkref_cache-105182
canonicalize_filename_mode-84768	canonicalize_filename_mode-84700
strftime_case____0-90725	strftime_case____0-90333
strftime_case____0-90725	strftime_case____0-90339
limfield-116350	limfield-116423
strftime_case_-77453	strftime_case_-82600
strftime_case_-77453	strftime_case_-82578
strftime_case_-77453	strftime_case_-82528
strftime_case_-77453	strftime_case_-82558
strftime_case_-82965	strftime_case_-82546
vasnprintf-85341	vasnprintf-88022
vasnprintf-85341	vasnprintf-88074
vasnprintf-85341	vasnprintf-88060
vasnprintf-85341	vasnprintf-88036
vasnprintf-85341	vasnprintf-88082
vasnprintf-85341	vasnprintf-88044
vasnprintf-85341	vasnprintf-88018
vasnprintf-85909	vasnprintf-88030
vasnprintf-85992	vasnprintf-88068
vasnprintf-86016	vasnprintf-88080
pipe_fork-115433	pipe_fork-115578
pipe_fork-115460	pipe_fork-115582
strftime_case____0-90850	strftime_case____0-90483
strftime_case____0-90850	strftime_case____0-90477
printf_parse-110537	printf_parse-110907
sha1_process_bytes-ENTRY	sha1_process_bytes-92576
sha1_process_bytes-92589	sha1_process_bytes-92576
strftime_case_-82906	strftime_case_-82468
create_temp_file-115257	create_temp_file-115430
fraccompare-89762	fraccompare-89753
fraccompare-89765	fraccompare-89757
check_matching-102656	check_matching-102995
find_recover_state-ENTRY	find_recover_state-104062
re_string_context_at-ENTRY	re_string_context_at-95996
vasnprintf-85098	vasnprintf-87772
canonicalize_filename_mode-80633	canonicalize_filename_mode-84700
limfield-116407	limfield-116409
limfield-116304	limfield-116411
strftime_case_-82989	strftime_case_-82588
strftime_case_-82989	strftime_case_-82582
extract_trimmed_name-106493	extract_trimmed_name-106539
re_node_set_init_union-96003	re_node_set_init_union-96191
re_node_set_init_union-96003	re_node_set_init_union-96193
re_node_set_init_union-96003	re_node_set_init_union-96189
fts_safe_changedir-ENTRY	fts_safe_changedir-81996
fts_safe_changedir-ENTRY	fts_safe_changedir-82006
areadlink_with_size-85831	areadlink_with_size-85817
vasnprintf-85040	vasnprintf-87758
vasnprintf-85040	vasnprintf-87766
compare-ENTRY	compare-117646
check_arrival-104571	check_arrival-104787
match_ctx_clean-106281	match_ctx_clean-106405
verrevcmp-78815	verrevcmp-83375
verrevcmp-78815	verrevcmp-83377
verrevcmp-78842	verrevcmp-83381
xmax-ENTRY	xmax-87518
sha1_process_bytes-92077	sha1_process_bytes-92586
memcoll-112669	memcoll-112639
match_suffix-ENTRY	match_suffix-83325
match_suffix-ENTRY	match_suffix-83331
match_suffix-ENTRY	match_suffix-83333
match_suffix-ENTRY	match_suffix-83339
hash_find_entry-72352	hash_find_entry-79232
expand_bkref_cache-105237	expand_bkref_cache-105170
strftime_case____0-90820	strftime_case____0-90443
strftime_case____0-90820	strftime_case____0-90437
re_node_set_merge-96069	re_node_set_merge-96246
fts_build-81626	fts_build-81483
strftime_case_-76957	strftime_case_-82656
strftime_case_-82825	strftime_case_-82284
hash_find_entry-ENTRY	hash_find_entry-79230
hash_find_entry-ENTRY	hash_find_entry-79224
hash_find_entry-ENTRY	hash_find_entry-79232
canonicalize_filename_mode-84710	canonicalize_filename_mode-84712
printf_parse-110202	printf_parse-110721
printf_parse-111014	printf_parse-110715
check_node_accept_bytes-ENTRY	check_node_accept_bytes-106113
check_node_accept_bytes-ENTRY	check_node_accept_bytes-106081
random_state-ENTRY	random_state-116817
check-117477	check-117698
keycompare-117510	keycompare-117437
keycompare-117510	keycompare-117415
keycompare-117510	keycompare-117469
keycompare-117510	keycompare-117403
keycompare-117510	keycompare-117451
keycompare-117510	keycompare-117443
keycompare-117510	keycompare-117457
keycompare-117099	keycompare-117433
keycompare-117115	keycompare-117441
check_arrival-104916	check_arrival-104843
reap-ENTRY	reap-115288
build_wcs_upper_buffer-ENTRY	build_wcs_upper_buffer-95259
re_string_construct-94652	re_string_construct-94790
build_wcs_buffer-94839	build_wcs_buffer-94968
fd_safer-ENTRY	fd_safer-83768
sha256_process_bytes-91028	sha256_process_bytes-92053
keycompare-117120	keycompare-117437
hash_rehash-79268	hash_rehash-79271
set_regs-ENTRY	set_regs-103242
set_regs-ENTRY	set_regs-103236
set_regs-ENTRY	set_regs-103234
set_regs-ENTRY	set_regs-103244
re_string_construct-94886	re_string_construct-94798
specify_nmerge-116024	specify_nmerge-115966
specify_nmerge-115979	specify_nmerge-115966
merge-118634	merge-118598
expand_bkref_cache-105062	expand_bkref_cache-105162
expand_bkref_cache-105062	expand_bkref_cache-105164
expand_bkref_cache-105095	expand_bkref_cache-105176
expand_bkref_cache-105242	expand_bkref_cache-105156
expand_bkref_cache-105241	expand_bkref_cache-105158
sift_states_backward-103388	sift_states_backward-103391
maybe_create_temp-115686	maybe_create_temp-115634
re_string_reconstruct-95850	re_string_reconstruct-95742
canonicalize_filename_mode-80556	canonicalize_filename_mode-84668
canonicalize_filename_mode-80556	canonicalize_filename_mode-84644
canonicalize_filename_mode-80556	canonicalize_filename_mode-84654
canonicalize_filename_mode-80556	canonicalize_filename_mode-84658
canonicalize_filename_mode-80556	canonicalize_filename_mode-84660
vasnprintf-88218	vasnprintf-87658
keycompare-117576	keycompare-117459
re_string_skip_chars-95225	re_string_skip_chars-95444
re_string_skip_chars-95476	re_string_skip_chars-95446
keycompare-117187	keycompare-117447
keycompare-117203	keycompare-117455
sortlines-ENTRY	sortlines-118468
humblock-78875	humblock-78852
re_node_set_init_union-96021	re_node_set_init_union-96197
re_node_set_init_union-96021	re_node_set_init_union-96199
vasnprintf-84865	vasnprintf-87772
vasnprintf-84865	vasnprintf-87758
keycompare-117208	keycompare-117451
printf_parse-110579	printf_parse-110927
main-119284	main-119983
mergefps-118306	mergefps-118184
mergefps-118306	mergefps-118176
mergefps-118306	mergefps-118180
check-117432	check-117688
check-ENTRY	check-117684
check-117772	check-117698
check-117772	check-117702
build_wcs_upper_buffer-95173	build_wcs_upper_buffer-95293
build_wcs_upper_buffer-95393	build_wcs_upper_buffer-95293
strftime_case____0-90774	strftime_case____0-90379
strftime_case____0-90774	strftime_case____0-90385
strftime_case____0-91118	strftime_case____0-90375
strftime_case____0-90863	strftime_case____0-90491
add_exclude_file-84062	add_exclude_file-84001
add_exclude_file-84078	add_exclude_file-84001
initbuf-ENTRY	initbuf-116173
initbuf-116178	initbuf-116173
build_wcs_upper_buffer-95426	build_wcs_upper_buffer-95283
re_search_internal-101995	re_search_internal-102436
limfield-116377	limfield-116431
limfield-116394	limfield-116435
vasnprintf-84583	vasnprintf-87658
vasnprintf-84583	vasnprintf-87558
vasnprintf-84583	vasnprintf-87580
vasnprintf-84583	vasnprintf-87572
vasnprintf-84583	vasnprintf-87668
vasnprintf-84583	vasnprintf-87560
vasnprintf-84583	vasnprintf-87562
vasnprintf-84583	vasnprintf-87618
vasnprintf-84583	vasnprintf-87620
vasnprintf-84583	vasnprintf-87622
vasnprintf-84583	vasnprintf-87624
vasnprintf-84583	vasnprintf-87626
vasnprintf-84583	vasnprintf-87644
vasnprintf-84583	vasnprintf-87652
vasnprintf-84583	vasnprintf-87664
vasnprintf-84583	vasnprintf-87844
vasnprintf-84583	vasnprintf-87848
vasnprintf-84583	vasnprintf-87588
vasnprintf-84583	vasnprintf-87590
vasnprintf-84583	vasnprintf-87614
vasnprintf-84583	vasnprintf-87616
vasnprintf-84583	vasnprintf-87628
vasnprintf-84583	vasnprintf-87630
vasnprintf-84583	vasnprintf-87632
vasnprintf-84583	vasnprintf-87634
vasnprintf-84583	vasnprintf-87636
vasnprintf-84583	vasnprintf-87638
vasnprintf-84583	vasnprintf-87640
vasnprintf-84583	vasnprintf-87642
vasnprintf-84583	vasnprintf-87648
vasnprintf-84583	vasnprintf-87650
vasnprintf-84583	vasnprintf-87660
vasnprintf-84583	vasnprintf-87662
vasnprintf-84583	vasnprintf-87674
vasnprintf-84583	vasnprintf-87676
vasnprintf-84583	vasnprintf-87690
vasnprintf-84583	vasnprintf-87692
vasnprintf-84583	vasnprintf-87710
vasnprintf-84583	vasnprintf-87712
vasnprintf-84583	vasnprintf-87716
vasnprintf-84583	vasnprintf-87718
vasnprintf-84583	vasnprintf-87726
vasnprintf-84583	vasnprintf-87728
vasnprintf-84583	vasnprintf-87736
vasnprintf-84583	vasnprintf-87738
vasnprintf-84583	vasnprintf-87746
vasnprintf-84583	vasnprintf-87748
vasnprintf-84583	vasnprintf-87816
vasnprintf-84583	vasnprintf-87822
vasnprintf-84583	vasnprintf-87842
vasnprintf-84583	vasnprintf-87846
check_tuning-79080	check_tuning-79082
check_tuning-79080	check_tuning-79092
check_tuning-79080	check_tuning-79084
check_tuning-79080	check_tuning-79088
randint_all_new-107687	randint_all_new-107685
vasnprintf-85994	vasnprintf-88070
strftime_case_-83059	strftime_case_-82668
strftime_case_-83059	strftime_case_-82662
get_charset_aliases-78137	get_charset_aliases-78046
get_charset_aliases-78137	get_charset_aliases-78050
transit_state_bkref-104376	transit_state_bkref-104338
update_regs-ENTRY	update_regs-103366
open_input_files-117800	open_input_files-117783
check_tuning-ENTRY	check_tuning-79080
check_tuning-ENTRY	check_tuning-79082
check_tuning-ENTRY	check_tuning-79092
check_tuning-ENTRY	check_tuning-79084
check_tuning-ENTRY	check_tuning-79086
check_tuning-ENTRY	check_tuning-79090
check_tuning-ENTRY	check_tuning-79088
re_string_construct-94813	re_string_construct-94760
re_string_construct-94813	re_string_construct-94768
re_search_internal-101998	re_search_internal-102482
begfield-116190	begfield-116284
re_search_stub-101883	re_search_stub-101835
get_charset_aliases-70788	get_charset_aliases-78078
vasnprintf-88182	vasnprintf-87592
main-120227	main-120003
main-120509	main-120007
vasnprintf-86058	vasnprintf-88092
build_wcs_buffer-94985	build_wcs_buffer-94964
specify_nmerge-115978	specify_nmerge-115970
build_trtable-105854	build_trtable-105622
build_trtable-105852	build_trtable-105632
re_search_internal-102207	re_search_internal-102526
search_cur_bkref_entry-106380	search_cur_bkref_entry-106467
sort-118558	sort-118755
sort-118558	sort-118757
re_search_internal-102101	re_search_internal-102482
re_search_internal-102127	re_search_internal-102496
strftime_case____0-90720	strftime_case____0-90355
strftime_case____0-90720	strftime_case____0-90405
strftime_case____0-90720	strftime_case____0-90525
strftime_case____0-90720	strftime_case____0-90353
strftime_case____0-90720	strftime_case____0-90613
strftime_case____0-90720	strftime_case____0-90359
strftime_case____0-90720	strftime_case____0-90329
strftime_case____0-90720	strftime_case____0-90407
strftime_case____0-90720	strftime_case____0-90241
strftime_case____0-90720	strftime_case____0-90529
strftime_case____0-90720	strftime_case____0-90605
strftime_case____0-90720	strftime_case____0-90561
strftime_case____0-90720	strftime_case____0-90575
strftime_case____0-90720	strftime_case____0-90607
strftime_case____0-90720	strftime_case____0-90535
strftime_case____0-90720	strftime_case____0-90533
strftime_case____0-90720	strftime_case____0-90347
strftime_case____0-90720	strftime_case____0-90521
strftime_case____0-90720	strftime_case____0-90523
strftime_case____0-90720	strftime_case____0-90577
strftime_case____0-90720	strftime_case____0-90555
strftime_case____0-90720	strftime_case____0-90403
strftime_case____0-90720	strftime_case____0-90531
strftime_case____0-90720	strftime_case____0-90343
strftime_case____0-90720	strftime_case____0-90401
strftime_case____0-90720	strftime_case____0-90519
strftime_case____0-90720	strftime_case____0-90393
strftime_case____0-90720	strftime_case____0-90609
strftime_case____0-90720	strftime_case____0-90527
strftime_case____0-91122	strftime_case____0-90365
strftime_case____0-91122	strftime_case____0-90363
strftime_case____0-91122	strftime_case____0-90367
merge-118635	merge-118598
printf_parse-111077	printf_parse-110915
printf_parse-111077	printf_parse-110913
printf_parse-111077	printf_parse-110923
transit_state_mb-104224	transit_state_mb-104176
init_dfa-ENTRY	init_dfa-97553
init_dfa-ENTRY	init_dfa-97571
init_dfa-97617	init_dfa-97571
init_dfa-97620	init_dfa-97553
get_charset_aliases-70676	get_charset_aliases-78050
clean_state_log_if_needed-ENTRY	clean_state_log_if_needed-103472
clean_state_log_if_needed-ENTRY	clean_state_log_if_needed-103474
clean_state_log_if_needed-ENTRY	clean_state_log_if_needed-103470
readisaac-107328	readisaac-107458
build_wcs_upper_buffer-95016	build_wcs_upper_buffer-95255
re_node_set_compare-ENTRY	re_node_set_compare-96363
re_node_set_compare-ENTRY	re_node_set_compare-96359
getmonth-116807	getmonth-116787
getmonth-116810	getmonth-116785
main-120554	main-120045
xstrtoumax-ENTRY	xstrtoumax-86029
xstrtoumax-ENTRY	xstrtoumax-86025
specify_sort_size-ENTRY	specify_sort_size-116050
specify_sort_size-ENTRY	specify_sort_size-116046
compare-117651	compare-117656
xgethostname-87015	xgethostname-86982
strftime_case_-82976	strftime_case_-82568
strftime_case_-82976	strftime_case_-82562
add_temp_dir-ENTRY	add_temp_dir-115772
add_temp_dir-115779	add_temp_dir-115774
prune_impossible_nodes-102901	prune_impossible_nodes-102855
prune_impossible_nodes-102909	prune_impossible_nodes-102841
prune_impossible_nodes-102909	prune_impossible_nodes-102843
compare_random-116953	compare_random-116940
vasnprintf-84698	vasnprintf-87610
search_cur_bkref_entry-106475	search_cur_bkref_entry-106471
default_sort_size-ENTRY	default_sort_size-116090
calc_eclosure_iter-98577	calc_eclosure_iter-98624
check_node_accept_bytes-105922	check_node_accept_bytes-106113
check_arrival-ENTRY	check_arrival-104787
check_arrival-ENTRY	check_arrival-104785
check_arrival-ENTRY	check_arrival-104799
check_arrival-ENTRY	check_arrival-104815
inittables-115870	inittables-115909
specify_sort_size-115988	specify_sort_size-116046
specify_sort_size-116057	specify_sort_size-116042
printf_parse-110226	printf_parse-110729
hash_insert-ENTRY	hash_insert-79329
vasnprintf-84674	vasnprintf-87598
strftime_case____0-90744	strftime_case____0-90361
strftime_case____0-90747	strftime_case____0-90369
strftime_case____0-90747	strftime_case____0-90363
humblock-71713	humblock-78862
humblock-71713	humblock-78864
re_node_set_contains-96230	re_node_set_contains-96369
randint_genmax-ENTRY	randint_genmax-107704
randint_genmax-ENTRY	randint_genmax-107700
vasnprintf-88867	vasnprintf-87658
vasnprintf-88867	vasnprintf-87558
vasnprintf-88867	vasnprintf-87668
vasnprintf-88867	vasnprintf-87618
vasnprintf-88867	vasnprintf-87620
vasnprintf-88867	vasnprintf-87622
vasnprintf-88867	vasnprintf-87624
vasnprintf-88867	vasnprintf-87626
vasnprintf-88867	vasnprintf-87644
vasnprintf-88867	vasnprintf-87652
vasnprintf-88867	vasnprintf-87664
vasnprintf-88867	vasnprintf-87844
vasnprintf-88867	vasnprintf-87848
vasnprintf-88867	vasnprintf-87588
vasnprintf-88867	vasnprintf-87590
vasnprintf-88867	vasnprintf-87614
vasnprintf-88867	vasnprintf-87616
vasnprintf-88867	vasnprintf-87628
vasnprintf-88867	vasnprintf-87630
vasnprintf-88867	vasnprintf-87632
vasnprintf-88867	vasnprintf-87634
vasnprintf-88867	vasnprintf-87636
vasnprintf-88867	vasnprintf-87638
vasnprintf-88867	vasnprintf-87640
vasnprintf-88867	vasnprintf-87642
vasnprintf-88867	vasnprintf-87648
vasnprintf-88867	vasnprintf-87650
vasnprintf-88867	vasnprintf-87660
vasnprintf-88867	vasnprintf-87662
vasnprintf-88867	vasnprintf-87674
vasnprintf-88867	vasnprintf-87676
vasnprintf-88867	vasnprintf-87690
vasnprintf-88867	vasnprintf-87692
vasnprintf-88867	vasnprintf-87710
vasnprintf-88867	vasnprintf-87712
vasnprintf-88867	vasnprintf-87716
vasnprintf-88867	vasnprintf-87718
vasnprintf-88867	vasnprintf-87726
vasnprintf-88867	vasnprintf-87728
vasnprintf-88867	vasnprintf-87736
vasnprintf-88867	vasnprintf-87738
vasnprintf-88867	vasnprintf-87746
vasnprintf-88867	vasnprintf-87748
vasnprintf-88867	vasnprintf-87816
vasnprintf-88867	vasnprintf-87822
vasnprintf-88867	vasnprintf-87842
vasnprintf-88867	vasnprintf-87846
re_node_set_insert-96155	re_node_set_insert-96313
strftime_case_-82837	strftime_case_-82636
strftime_case_-78379	strftime_case_-82768
canonicalize_filename_mode-80546	canonicalize_filename_mode-84710
canonicalize_filename_mode-80546	canonicalize_filename_mode-84668
canonicalize_filename_mode-80546	canonicalize_filename_mode-84662
canonicalize_filename_mode-80546	canonicalize_filename_mode-84712
canonicalize_filename_mode-80546	canonicalize_filename_mode-84644
canonicalize_filename_mode-80546	canonicalize_filename_mode-84654
canonicalize_filename_mode-80546	canonicalize_filename_mode-84658
canonicalize_filename_mode-80546	canonicalize_filename_mode-84660
canonicalize_filename_mode-80546	canonicalize_filename_mode-84664
canonicalize_filename_mode-80546	canonicalize_filename_mode-84646
canonicalize_filename_mode-80546	canonicalize_filename_mode-84648
canonicalize_filename_mode-80546	canonicalize_filename_mode-84678
canonicalize_filename_mode-80546	canonicalize_filename_mode-84706
canonicalize_filename_mode-80546	canonicalize_filename_mode-84642
canonicalize_filename_mode-80546	canonicalize_filename_mode-84666
re_string_translate_buffer-95507	re_string_translate_buffer-95504
re_string_translate_buffer-95308	re_string_translate_buffer-95504
build_wcs_upper_buffer-94977	build_wcs_upper_buffer-95247
build_wcs_upper_buffer-95328	build_wcs_upper_buffer-95247
strftime_case_-77447	strftime_case_-82576
strftime_case_-77447	strftime_case_-82566
strftime_case_-77447	strftime_case_-82608
strftime_case_-77447	strftime_case_-82536
printf_parse-110360	printf_parse-110789
transit_state_mb-ENTRY	transit_state_mb-104178
mergefps-118312	mergefps-118180
vasnprintf-85880	vasnprintf-88016
strftime_case_-82549	strftime_case_-82556
strftime_case_-82969	strftime_case_-82564
strftime_case_-82969	strftime_case_-82562
mergefps-118056	mergefps-118204
mergefps-118056	mergefps-118198
re_search_internal-102804	re_search_internal-102514
main-119248	main-119973
main-119153	main-119957
main-119153	main-120029
main-119153	main-120021
main-119153	main-119959
main-119158	main-120083
keycompare-117224	keycompare-117457
build_trtable-105470	build_trtable-105656
check_matching-102572	check_matching-102963
begfield-116224	begfield-116292
check_matching-102615	check_matching-102971
check_matching-102615	check_matching-102975
merge_state_with_log-ENTRY	merge_state_with_log-104005
merge_state_with_log-ENTRY	merge_state_with_log-104009
printf_parse-110356	printf_parse-110789
main-120513	main-119997
main-120590	main-119967
printf_parse-110080	printf_parse-110669
vasnprintf-85066	vasnprintf-87768
duplicate_node_closure-98375	duplicate_node_closure-98377
readisaac-107351	readisaac-107462
limfield-116316	limfield-116415
re_node_set_add_intersect-96155	re_node_set_add_intersect-96129
limfield-116279	limfield-116403
strftime_case____0-90687	strftime_case____0-90547
strftime_case____0-90687	strftime_case____0-90337
strftime_case____0-90687	strftime_case____0-90569
strftime_case____0-90687	strftime_case____0-90211
strftime_case____0-90687	strftime_case____0-90629
strftime_case____0-90687	strftime_case____0-90665
init_dfa-97419	init_dfa-97549
vasnprintf-85305	vasnprintf-87858
check_subexp_limits-103630	check_subexp_limits-103758
check_subexp_limits-103630	check_subexp_limits-103754
keycompare-117136	keycompare-117443
strftime_case____0-90916	strftime_case____0-90543
strftime_case____0-90916	strftime_case____0-90549
sha1_stream-92536	sha1_stream-92545
re_search_internal-102619	re_search_internal-102388
md5_process_bytes-112812	md5_process_bytes-112866
filevercmp-83472	filevercmp-83439
filevercmp-83473	filevercmp-83437
fraccompare-89760	fraccompare-89741
fraccompare-89760	fraccompare-89743
fraccompare-89760	fraccompare-89745
fraccompare-89760	fraccompare-89749
fraccompare-89761	fraccompare-89741
fraccompare-89761	fraccompare-89747
fraccompare-89761	fraccompare-89751
begfield-116167	begfield-116278
begfield-116179	begfield-116282
canonicalize_filename_mode-80571	canonicalize_filename_mode-84668
canonicalize_filename_mode-80571	canonicalize_filename_mode-84646
canonicalize_filename_mode-80571	canonicalize_filename_mode-84648
canonicalize_filename_mode-80571	canonicalize_filename_mode-84678
canonicalize_filename_mode-80571	canonicalize_filename_mode-84706
avoid_trashing_input-118268	avoid_trashing_input-118533
get_subexp-ENTRY	get_subexp-104504
transit_state_bkref-104200	transit_state_bkref-104328
re_string_reconstruct-95925	re_string_reconstruct-95724
get_charset_aliases-78043	get_charset_aliases-78046
sift_states_bkref-103906	sift_states_bkref-103865
md5_process_bytes-112806	md5_process_bytes-112862
begfield-116154	begfield-116274
vasnprintf-88224	vasnprintf-87758
match_ctx_init-ENTRY	match_ctx_init-106368
match_ctx_init-ENTRY	match_ctx_init-106370
begfield-116267	begfield-116302
re_search_internal-101850	re_search_internal-102424
find_recover_state-104070	find_recover_state-104064
find_recover_state-104070	find_recover_state-104062
begfield-116203	begfield-116288
build_sifted_states-ENTRY	build_sifted_states-103438
check_node_accept_bytes-105971	check_node_accept_bytes-106165
vasnprintf-85146	vasnprintf-87788
begfield-116250	begfield-116298
vasnprintf-84601	vasnprintf-87566
fraccompare-87297	fraccompare-89759
get_subexp-104557	get_subexp-104500
re_search_internal-ENTRY	re_search_internal-102362
re_search_internal-ENTRY	re_search_internal-102358
re_node_set_compare-96210	re_node_set_compare-96363
strftime_case_-82546	strftime_case_-82550
strftime_case_-82828	strftime_case_-82286
strftime_case_-82828	strftime_case_-82292
open_temp-115741	open_temp-115701
check_matching-103041	check_matching-102969
general_numcompare-ENTRY	general_numcompare-116743
general_numcompare-ENTRY	general_numcompare-116741
general_numcompare-ENTRY	general_numcompare-116745
re_acquire_state-96389	re_acquire_state-96485
build_wcs_buffer-95021	build_wcs_buffer-94974
default_sort_size-116039	default_sort_size-116090
strftime_case____0-90847	strftime_case____0-90475
merge-118642	merge-118602
strftime_case____0-90470	strftime_case____0-90481
randread_new-ENTRY	randread_new-107402
memcoll-112678	memcoll-112633
hash_rehash-79289	hash_rehash-79275
re_string_reconstruct-95338	re_string_reconstruct-95730
re_string_reconstruct-95338	re_string_reconstruct-95702
re_string_reconstruct-95338	re_string_reconstruct-95704
re_string_reconstruct-95338	re_string_reconstruct-95746
re_string_reconstruct-95821	re_string_reconstruct-95714
re_string_reconstruct-95846	re_string_reconstruct-95746
verrevcmp-ENTRY	verrevcmp-83371
verrevcmp-ENTRY	verrevcmp-83363
verrevcmp-ENTRY	verrevcmp-83367
verrevcmp-ENTRY	verrevcmp-83375
verrevcmp-ENTRY	verrevcmp-83377
verrevcmp-ENTRY	verrevcmp-83383
verrevcmp-ENTRY	verrevcmp-83381
canonicalize_filename_mode-84826	canonicalize_filename_mode-84686
canonicalize_filename_mode-84826	canonicalize_filename_mode-84698
limfield-116274	limfield-116427
memxfrm-112597	memxfrm-112579
memxfrm-112414	memxfrm-112583
memxfrm-112414	memxfrm-112575
getmonth-ENTRY	getmonth-116787
getmonth-ENTRY	getmonth-116785
get_charset_aliases-78092	get_charset_aliases-78048
xgethostname-87016	xgethostname-86982
get_subexp-104552	get_subexp-104534
get_subexp-104552	get_subexp-104536
get_subexp-104599	get_subexp-104510
strftime_case____0-88562	strftime_case____0-90497
strftime_case____0-88562	strftime_case____0-90465
strftime_case____0-88562	strftime_case____0-90471
strftime_case____0-88562	strftime_case____0-90441
strftime_case____0-90828	strftime_case____0-90447
hash_initialize-79144	hash_initialize-79115
build_trtable-105486	build_trtable-105656
merge-118394	merge-118602
verrevcmp-78857	verrevcmp-83383
strftime_case_-82810	strftime_case_-82276
uinttostr-ENTRY	uinttostr-89395
read_file_system_list-111917	read_file_system_list-111829
re_node_set_init_union-95982	re_node_set_init_union-96187
parse_with_separator-89242	parse_with_separator-89154
hash_initialize-72145	hash_initialize-79115
build_trtable-105684	build_trtable-105656
build_trtable-105684	build_trtable-105646
get_subexp_sub-104617	get_subexp_sub-104606
strftime_case____0-90704	strftime_case____0-90517
cmp_hashes-ENTRY	cmp_hashes-116885
vasnprintf-85911	vasnprintf-88032
vasnprintf-85977	vasnprintf-88064
vasnprintf-85977	vasnprintf-88062
md5_stream-112808	md5_stream-112817
default_sort_size-116092	default_sort_size-116074
vasnprintf-85144	vasnprintf-87786
re_search_internal-101845	re_search_internal-102436
re_search_internal-101845	re_search_internal-102434
re_search_internal-102806	re_search_internal-102508
strftime_case_-83056	strftime_case_-82660
begfield-116306	begfield-116302
begfield-116272	begfield-116280
memxfrm-ENTRY	memxfrm-112581
memxfrm-ENTRY	memxfrm-112589
strftime_case____0-90838	strftime_case____0-90467
strftime_case____0-90838	strftime_case____0-90461
strftime_case____0-88568	strftime_case____0-90489
strftime_case____0-88568	strftime_case____0-90473
strftime_case____0-88568	strftime_case____0-90457
strftime_case____0-88568	strftime_case____0-90433
strftime_case____0-90693	strftime_case____0-90205
strftime_case____0-90696	strftime_case____0-90213
strftime_case____0-90696	strftime_case____0-90207
strftime_case____0-90722	strftime_case____0-90331
strftime_case____0-90771	strftime_case____0-90377
strftime_case____0-90817	strftime_case____0-90435
strftime_case____0-90835	strftime_case____0-90459
strftime_case____0-90875	strftime_case____0-90503
strftime_case____0-90878	strftime_case____0-90505
strftime_case____0-90878	strftime_case____0-90511
strftime_case____0-90913	strftime_case____0-90541
strftime_case____0-91008	strftime_case____0-90623
strftime_case____0-91011	strftime_case____0-90631
strftime_case____0-91011	strftime_case____0-90625
strftime_case____0-91049	strftime_case____0-90659
strftime_case____0-91052	strftime_case____0-90667
strftime_case____0-91052	strftime_case____0-90661
main-119836	main-120045
hash_rehash-72389	hash_rehash-79265
fillbuf___7-116667	fillbuf___7-116613
limfield-116329	limfield-116419
keycompare-117589	keycompare-117471
match_ctx_clean-106407	match_ctx_clean-106405
hash_lookup-ENTRY	hash_lookup-78974
sortlines_temp-ENTRY	sortlines_temp-118491
default_sort_size-116097	default_sort_size-116076
build_trtable-105856	build_trtable-105614
open_input_files-117601	open_input_files-117779
duplicate_node_closure-98229	duplicate_node_closure-98375
duplicate_node_closure-98229	duplicate_node_closure-98377
cmp_hashes-116899	cmp_hashes-116881
hash_insert-79344	hash_insert-79329
mergefiles-ENTRY	mergefiles-118429
transit_state_bkref-ENTRY	transit_state_bkref-104328
canonicalize_filename_mode-84750	canonicalize_filename_mode-84664
get_charset_aliases-78098	get_charset_aliases-78052
add_exclude_file-84053	add_exclude_file-83991
update_cur_sifted_state-ENTRY	update_cur_sifted_state-103514
merge-118656	merge-118604
keycompare-117566	keycompare-117445
add_exclude_file-83992	add_exclude_file-83995
check_tuning-79082	check_tuning-79092
check_arrival_add_next_nodes-105028	check_arrival_add_next_nodes-104966
open_input_files-ENTRY	open_input_files-117779
open_input_files-ENTRY	open_input_files-117781
vasnprintf-88524	vasnprintf-88012
fnmatch_no_wildcards-83880	fnmatch_no_wildcards-83853
xsum-85899	xsum-85898
memxfrm-112596	memxfrm-112583
limfield-116437	limfield-116407
limfield-116437	limfield-116411
limfield-116437	limfield-116419
limfield-116437	limfield-116415
limfield-116437	limfield-116435
limfield-116437	limfield-116423
limfield-116437	limfield-116403
limfield-116437	limfield-116431
proceed_next_node-102811	proceed_next_node-103134
sha256_conclude_ctx-91922	sha256_conclude_ctx-91919
numcompare-87656	numcompare-89861
sha256_process_bytes-92076	sha256_process_bytes-92055
clean_state_log_if_needed-103479	clean_state_log_if_needed-103478
re_node_set_merge-96085	re_node_set_merge-96254
vasnprintf-85888	vasnprintf-88016
readtoken-106845	readtoken-106954
check_node_accept_bytes-106136	check_node_accept_bytes-106165
md5_process_bytes-112876	md5_process_bytes-112860
check_arrival_expand_ecl_sub-104962	check_arrival_expand_ecl_sub-105085
build_trtable-105649	build_trtable-105656
read_file_system_list-111919	read_file_system_list-111831
read_file_system_list-111919	read_file_system_list-111829
prune_impossible_nodes-102862	prune_impossible_nodes-102855
prune_impossible_nodes-102862	prune_impossible_nodes-102841
filevercmp-78923	filevercmp-83431
filevercmp-78923	filevercmp-83433
filevercmp-78923	filevercmp-83435
filevercmp-83463	filevercmp-83445
sift_states_bkref-103878	sift_states_bkref-103881
sift_states_bkref-103878	sift_states_bkref-103883
posix2_version-111386	posix2_version-111375
add_exclude_file-84052	add_exclude_file-83991
transit_state_mb-104218	transit_state_mb-104190
specify_nmerge-115967	specify_nmerge-115970
physmem_total-111550	physmem_total-111546
check_arrival_add_next_nodes-104994	check_arrival_add_next_nodes-104968
check_arrival_add_next_nodes-105021	check_arrival_add_next_nodes-104976
memxfrm-112574	memxfrm-112583
re_node_set_init_union-96181	re_node_set_init_union-96183
main-120335	main-120075
proceed_next_node-ENTRY	proceed_next_node-103102
proceed_next_node-ENTRY	proceed_next_node-103114
proceed_next_node-ENTRY	proceed_next_node-103134
proceed_next_node-ENTRY	proceed_next_node-103112
proceed_next_node-103157	proceed_next_node-103116
vasnprintf-88150	vasnprintf-87798
vasnprintf-88150	vasnprintf-88096
vasnprintf-88150	vasnprintf-87868
vasnprintf-88150	vasnprintf-88080
vasnprintf-88150	vasnprintf-87578
vasnprintf-88150	vasnprintf-87604
vasnprintf-88150	vasnprintf-87572
vasnprintf-88150	vasnprintf-88074
vasnprintf-88150	vasnprintf-87862
vasnprintf-88150	vasnprintf-88036
vasnprintf-88150	vasnprintf-88042
vasnprintf-88150	vasnprintf-87792
vasnprintf-88150	vasnprintf-88102
vasnprintf-88150	vasnprintf-87610
fraccompare-87279	fraccompare-89755
posix2_version-111394	posix2_version-111377
strftime_case_-83007	strftime_case_-82610
strftime_case_-83007	strftime_case_-82604
maybe_create_temp-ENTRY	maybe_create_temp-115642
maybe_create_temp-ENTRY	maybe_create_temp-115636
maybe_create_temp-ENTRY	maybe_create_temp-115634
set_ordering-118883	set_ordering-119009
set_ordering-118883	set_ordering-119015
set_ordering-118883	set_ordering-119023
set_ordering-118883	set_ordering-119021
set_ordering-118883	set_ordering-119019
set_ordering-118883	set_ordering-119005
set_ordering-118883	set_ordering-119007
set_ordering-118883	set_ordering-119011
set_ordering-118883	set_ordering-119013
set_ordering-118883	set_ordering-119017
set_ordering-118883	set_ordering-119025
strftime_case_-83004	strftime_case_-82602
strftime_case_-78511	strftime_case_-82776
match_ctx_add_entry-ENTRY	match_ctx_add_entry-106437
match_ctx_add_entry-ENTRY	match_ctx_add_entry-106443
match_ctx_add_entry-ENTRY	match_ctx_add_entry-106441
match_ctx_add_entry-ENTRY	match_ctx_add_entry-106433
match_ctx_add_entry-106458	match_ctx_add_entry-106443
re_node_set_init_union-96175	re_node_set_init_union-96195
re_node_set_init_union-96175	re_node_set_init_union-96191
re_node_set_init_union-96175	re_node_set_init_union-96193
re_node_set_init_union-96175	re_node_set_init_union-96199
re_node_set_init_union-96175	re_node_set_init_union-96177
re_string_construct-94843	re_string_construct-94790
re_string_construct-94843	re_string_construct-94798
begfield-116304	begfield-116298
begfield-116304	begfield-116284
begfield-116304	begfield-116274
begfield-116304	begfield-116292
begfield-116304	begfield-116282
begfield-116304	begfield-116302
begfield-116304	begfield-116278
begfield-116304	begfield-116288
merge-118626	merge-118596
limfield-ENTRY	limfield-116401
limfield-ENTRY	limfield-116409
limfield-116439	limfield-116399
sha256_process_bytes-ENTRY	sha256_process_bytes-92043
md5_process_bytes-ENTRY	md5_process_bytes-112858
md5_process_bytes-ENTRY	md5_process_bytes-112860
md5_process_bytes-ENTRY	md5_process_bytes-112856
open_input_files-117778	open_input_files-117783
open_input_files-117778	open_input_files-117781
extend_buffers-106310	extend_buffers-106285
extend_buffers-106310	extend_buffers-106277
canonicalize_filename_mode-80611	canonicalize_filename_mode-84668
check_arrival-104742	check_arrival-104839
sort_buffer_size-ENTRY	sort_buffer_size-116123
re_node_set_init_union-96171	re_node_set_init_union-96173
re_node_set_init_union-96171	re_node_set_init_union-96195
re_node_set_init_union-96171	re_node_set_init_union-96193
re_node_set_init_union-96171	re_node_set_init_union-96197
re_node_set_init_union-96171	re_node_set_init_union-96189
extend_buffers-106308	extend_buffers-106301
extend_buffers-106308	extend_buffers-106305
extend_buffers-106308	extend_buffers-106307
readtokens-107267	readtokens-107212
build_wcs_upper_buffer-94917	build_wcs_upper_buffer-95235
fillbuf___7-ENTRY	fillbuf___7-116607
fillbuf___7-ENTRY	fillbuf___7-116625
fillbuf___7-ENTRY	fillbuf___7-116597
fillbuf___7-ENTRY	fillbuf___7-116593
fillbuf___7-ENTRY	fillbuf___7-116595
fillbuf___7-ENTRY	fillbuf___7-116627
memcoll-ENTRY	memcoll-112629
expand_bkref_cache-105243	expand_bkref_cache-105154
merge-118658	merge-118606
re_search_internal-102826	re_search_internal-102396
re_node_set_init_union-96190	re_node_set_init_union-96195
re_node_set_init_union-96190	re_node_set_init_union-96193
add_exclude_file-84017	add_exclude_file-83977
re_string_skip_chars-ENTRY	re_string_skip_chars-95444
sha1_process_bytes-92052	sha1_process_bytes-92584
match_ctx_init-106382	match_ctx_init-106370
re_node_set_init_union-96189	re_node_set_init_union-96195
re_node_set_init_union-96189	re_node_set_init_union-96193
mergefps-ENTRY	mergefps-118152
match_ctx_init-106380	match_ctx_init-106368
compare_random-116946	compare_random-116940
main-120251	main-120019
readtoken-106872	readtoken-106962
readtoken-106990	readtoken-106964
match_suffix-78732	match_suffix-83325
match_suffix-78732	match_suffix-83331
match_suffix-78732	match_suffix-83333
match_suffix-78732	match_suffix-83339
strftime_case_-83017	strftime_case_-82618
fillbuf___7-116682	fillbuf___7-116627
re_node_set_compare-96356	re_node_set_compare-96363
re_node_set_compare-96356	re_node_set_compare-96359
re_node_set_insert-96149	re_node_set_insert-96311
memcoll-112670	memcoll-112641
memcoll-112670	memcoll-112643
add_exclude_file-83998	add_exclude_file-84001
duplicate_node_closure-98449	duplicate_node_closure-98385
sift_states_bkref-ENTRY	sift_states_bkref-103881
sift_states_bkref-ENTRY	sift_states_bkref-103871
sift_states_bkref-ENTRY	sift_states_bkref-103883
sift_states_bkref-ENTRY	sift_states_bkref-103879
main-119832	main-119887
main-119832	main-120029
main-119832	main-119961
main-119832	main-119885
main-119832	main-119883
main-120497	main-120039
main-120581	main-120003
main-120588	main-119975
main-119967	main-119969
add_exclude_file-83988	add_exclude_file-83991
build_trtable-105639	build_trtable-105646
strftime_case____0-89045	strftime_case____0-90637
extend_buffers-ENTRY	extend_buffers-106301
extend_buffers-ENTRY	extend_buffers-106305
extend_buffers-ENTRY	extend_buffers-106285
extend_buffers-ENTRY	extend_buffers-106295
extend_buffers-ENTRY	extend_buffers-106307
extend_buffers-ENTRY	extend_buffers-106277
strftime_case_-83020	strftime_case_-82620
strftime_case_-83020	strftime_case_-82626
strftime_case____0-88217	strftime_case____0-90229
limfield-116292	limfield-116407
strftime_case____0-90936	strftime_case____0-90559
register_proc-ENTRY	register_proc-115328
strftime_case_-83153	strftime_case_-82750
main-119957	main-119961
strftime_case_-82986	strftime_case_-82580
build_trtable-105406	build_trtable-105646
xgetcwd-87051	xgetcwd-87047
merge-118667	merge-118618
merge-118667	merge-118616
check_tuning-79086	check_tuning-79092
check_tuning-79086	check_tuning-79088
memxfrm-112601	memxfrm-112579
merge-118591	merge-118594
read_file_system_list-ENTRY	read_file_system_list-111831
read_file_system_list-ENTRY	read_file_system_list-111829
mergefps-118259	mergefps-118184
check_matching-ENTRY	check_matching-102963
check_matching-ENTRY	check_matching-102975
check_matching-ENTRY	check_matching-102939
check_matching-ENTRY	check_matching-102969
canonicalize_filename_mode-84769	canonicalize_filename_mode-84702
check-117730	check-117698
check-117730	check-117702
read_utmp-106638	read_utmp-106626
strftime_case____0-88235	strftime_case____0-90537
check_tuning-79093	check_tuning-79080
check_tuning-79093	check_tuning-79082
check_tuning-79093	check_tuning-79092
check_tuning-79093	check_tuning-79084
check_tuning-79093	check_tuning-79086
check_tuning-79093	check_tuning-79090
check_tuning-79093	check_tuning-79088
sha1_finish_ctx-92515	sha1_finish_ctx-92512
hash_initialize-79119	hash_initialize-79115
hash_initialize-79119	hash_initialize-79117
vasnprintf-88644	vasnprintf-88062
areadlink_with_size-85841	areadlink_with_size-85825
strftime_case_-82973	strftime_case_-82560
strftime_case_-83080	strftime_case_-82682
push_fail_stack-ENTRY	push_fail_stack-103183
push_fail_stack-103187	push_fail_stack-103183
vasnprintf-88520	vasnprintf-88010
sha256_stream-91953	sha256_stream-91962
opendirat-80619	opendirat-80607
filevercmp-ENTRY	filevercmp-83431
filevercmp-ENTRY	filevercmp-83433
filevercmp-ENTRY	filevercmp-83435
vasnprintf-88136	vasnprintf-87550
strftime_case_-82946	strftime_case_-82516
merge_state_with_log-104025	merge_state_with_log-104005
vasnprintf-88246	vasnprintf-87682
vasnprintf-88418	vasnprintf-87780
get_charset_aliases-78048	get_charset_aliases-78050
main-119881	main-119887
main-119881	main-119889
main-119881	main-119885
main-119881	main-119883
strftime_case_-83195	strftime_case_-82790
re_node_set_compare-96360	re_node_set_compare-96363
main-119959	main-119961
build_wcs_upper_buffer-95422	build_wcs_upper_buffer-95269
humblock-78877	humblock-78854
limfield-116401	limfield-116409
read_file_system_list-111851	read_file_system_list-111831
read_file_system_list-111851	read_file_system_list-111829
compare-117649	compare-117656
fillbuf___7-116686	fillbuf___7-116629
mergefiles-118433	mergefiles-118429
canonicalize_filename_mode-84685	canonicalize_filename_mode-84698
default_sort_size-116094	default_sort_size-116074
__xargmatch_internal-85800	__xargmatch_internal-85798
build_upper_buffer-95270	build_upper_buffer-95480
create_cd_newstate-ENTRY	create_cd_newstate-96765
re_string_reconstruct-95735	re_string_reconstruct-95746
sort_buffer_size-116156	sort_buffer_size-116135
re_string_reconstruct-95414	re_string_reconstruct-95710
memxfrm-112605	memxfrm-112585
md5_finish_ctx-112787	md5_finish_ctx-112784
strftime_case_-82819	strftime_case_-82692
strftime_case_-82819	strftime_case_-82756
strftime_case_-82819	strftime_case_-82796
strftime_case_-82819	strftime_case_-82666
strftime_case_-82819	strftime_case_-82290
strftime_case_-82819	strftime_case_-82420
mergefps-118149	mergefps-118156
fopen_safer-83296	fopen_safer-83284
transit_state_mb-104175	transit_state_mb-104178
mergefps-118187	mergefps-118190
fillbuf___7-116665	fillbuf___7-116613
physmem_available-111558	physmem_available-111554
fillbuf___7-116635	fillbuf___7-116609
xgethostname-86995	xgethostname-86974
re_string_construct-94895	re_string_construct-94760
mergefps-118274	mergefps-118184
mergefps-118274	mergefps-118192
mergefps-118274	mergefps-118204
mergefps-118274	mergefps-118190
physmem_available-111560	physmem_available-111556
strftime_case____0-90810	strftime_case____0-90421
main-119974	main-119979
parse_with_separator-89134	parse_with_separator-89136
get_subexp-104500	get_subexp-104504
sift_states_iter_mb-103957	sift_states_iter_mb-103961
create_cd_newstate-96788	create_cd_newstate-96765
vasnprintf-88156	vasnprintf-87560
keycompare-117460	keycompare-117473
maybe_create_temp-115629	maybe_create_temp-115636
maybe_create_temp-115629	maybe_create_temp-115634
set_regs-103231	set_regs-103234
physmem_total-111548	physmem_total-111544
re_string_construct-ENTRY	re_string_construct-94768
re_string_construct-94811	re_string_construct-94760
re_string_construct-94811	re_string_construct-94768
re_string_construct-94811	re_string_construct-94790
re_string_construct-94811	re_string_construct-94798
strftime_case_-82953	strftime_case_-82530
hash_rehash-79266	hash_rehash-79279
default_sort_size-116098	default_sort_size-116076
randint_genmax-107723	randint_genmax-107704
begfield-116278	begfield-116280
check_node_accept_bytes-106184	check_node_accept_bytes-106133
hash_lookup-78971	hash_lookup-78974
vasnprintf-88617	vasnprintf-88024
md5_process_bytes-112871	md5_process_bytes-112858
hash_rehash-ENTRY	hash_rehash-79275
sort-118739	sort-118753
sort-118739	sort-118747
sort-118739	sort-118761
sort-118739	sort-118755
sort-118739	sort-118743
vasnprintf-87538	vasnprintf-87618
vasnprintf-87538	vasnprintf-87620
vasnprintf-87538	vasnprintf-87622
vasnprintf-87538	vasnprintf-87624
vasnprintf-87538	vasnprintf-87626
vasnprintf-87538	vasnprintf-87644
vasnprintf-87538	vasnprintf-87652
vasnprintf-87538	vasnprintf-87664
vasnprintf-87538	vasnprintf-87844
vasnprintf-87538	vasnprintf-87848
sha224_stream-91988	sha224_stream-91997
strftime_case____0-90447	strftime_case____0-90451
numcompare-87435	numcompare-89803
re_node_set_init_union-96177	re_node_set_init_union-96191
re_node_set_init_union-96177	re_node_set_init_union-96197
re_node_set_init_union-96177	re_node_set_init_union-96199
re_node_set_init_union-96177	re_node_set_init_union-96189
strftime_case____0-90678	strftime_case____0-90197
vasnprintf-87766	vasnprintf-87768
main-120002	main-120007
_G_-ENTRY	utimecmp-88971
areadlink_with_size-85830	areadlink_with_size-85817
check_tuning-79094	check_tuning-79080
random_state-116826	random_state-116819
fopen_safer-83298	fopen_safer-83286
hash_find_entry-79221	hash_find_entry-79230
hash_find_entry-79221	hash_find_entry-79224
strftime_case____0-90450	strftime_case____0-90455
hash_rehash-79262	hash_rehash-79279
hash_rehash-79262	hash_rehash-79265
check_tuning-79088	check_tuning-79090
main-119910	main-119913
vasnprintf-87592	vasnprintf-87598
vasnprintf-88010	vasnprintf-88012
set_ordering-119016	set_ordering-119019
strftime_case_-82349	strftime_case_-82352
strftime_case_-82401	strftime_case_-82404
strftime_case____0-90294	strftime_case____0-90297
vasnprintf-88073	vasnprintf-88076
strftime_case_-82275	strftime_case_-82278
set_ordering-119018	set_ordering-119021
pipe_fork-115581	pipe_fork-115584
fd_safer-83768	fd_safer-83770
strftime_case____0-90258	strftime_case____0-90261
strftime_case_-82365	strftime_case_-82368
specify_sort_size-116048	specify_sort_size-116050
reap-115289	reap-115292
check-117699	check-117702
strftime_case_-82403	strftime_case_-82406
strftime_case____0-90646	strftime_case____0-90649
strftime_case____0-90310	strftime_case____0-90313
strftime_case_-82347	strftime_case_-82350
maybe_create_temp-115633	maybe_create_temp-115636
strftime_case____0-90260	strftime_case____0-90263
strftime_case____0-90228	strftime_case____0-90231
vasnprintf-87594	vasnprintf-87596
numcompare-89771	numcompare-89773
strftime_case_-82385	strftime_case_-82388
main-119920	main-119923
strftime_case_-82345	strftime_case_-82348
strftime_case____0-90266	strftime_case____0-90269
re_node_set_init_union-96192	re_node_set_init_union-96195
strftime_case_-82373	strftime_case_-82376
printf_parse-110862	printf_parse-110865
printf_parse-110850	printf_parse-110853
strftime_case____0-90304	strftime_case____0-90307
printf_parse-110842	printf_parse-110845
printf_parse-110828	printf_parse-110831
main-119900	main-119903
strftime_case____0-90286	strftime_case____0-90289
strftime_case_-82311	strftime_case_-82314
vasnprintf-87571	vasnprintf-87574
sort_buffer_size-116120	sort_buffer_size-116123
sift_states_bkref-103880	sift_states_bkref-103883
main-119898	main-119901
vasnprintf-87852	vasnprintf-87854
strftime_case_-82357	strftime_case_-82360
strftime_case_-82487	strftime_case_-82490
main-119918	main-119921
printf_parse-110836	printf_parse-110839
printf_parse-110830	printf_parse-110833
strftime_case_-82395	strftime_case_-82398
printf_parse-110834	printf_parse-110837
printf_parse-110826	printf_parse-110829
strftime_case____0-90318	strftime_case____0-90321
strftime_case_-82375	strftime_case_-82378
printf_parse-110848	printf_parse-110851
strftime_case____0-90292	strftime_case____0-90295
strftime_case____0-90284	strftime_case____0-90287
strftime_case____0-90312	strftime_case____0-90315
set_ordering-119022	set_ordering-119025
strftime_case_-82343	strftime_case_-82346
strftime_case____0-90392	strftime_case____0-90395
strftime_case____0-90648	strftime_case____0-90651
vasnprintf-88035	vasnprintf-88038
main-119906	main-119909
numcompare-89837	numcompare-89839
build_wcs_upper_buffer-95280	build_wcs_upper_buffer-95283
printf_parse-110844	printf_parse-110847
strftime_case____0-90250	strftime_case____0-90253
vasnprintf-87782	vasnprintf-87784
strftime_case____0-90316	strftime_case____0-90319
set_ordering-119020	set_ordering-119023
strftime_case_-82323	strftime_case_-82326
keycompare-117404	keycompare-117407
build_wcs_buffer-94973	build_wcs_buffer-94976
strftime_case_-82327	strftime_case_-82330
strftime_case_-82363	strftime_case_-82366
strftime_case_-82367	strftime_case_-82370
vasnprintf-88064	vasnprintf-88066
set_ordering-119010	set_ordering-119013
strftime_case____0-90254	strftime_case____0-90257
main-119938	main-119941
strftime_case____0-90290	strftime_case____0-90293
strftime_case____0-90244	strftime_case____0-90247
strftime_case_-82371	strftime_case_-82374
strftime_case_-82379	strftime_case_-82382
strftime_case____0-90280	strftime_case____0-90283
strftime_case____0-90320	strftime_case____0-90323
vasnprintf-87861	vasnprintf-87864
re_string_reconstruct-95746	re_string_reconstruct-95748
strftime_case_-82779	strftime_case_-82782
main-120079	main-120081
set_ordering-119014	set_ordering-119017
main-119902	main-119905
strftime_case_-82359	strftime_case_-82362
strftime_case_-82341	strftime_case_-82344
strftime_case_-82329	strftime_case_-82332
strftime_case_-82353	strftime_case_-82356
strftime_case_-82325	strftime_case_-82328
strftime_case_-82339	strftime_case_-82342
strftime_case____0-90248	strftime_case____0-90251
strftime_case_-82381	strftime_case_-82384
set_ordering-119012	set_ordering-119015
numcompare-89849	numcompare-89851
strftime_case____0-90302	strftime_case____0-90305
printf_parse-110838	printf_parse-110841
numcompare-89845	numcompare-89847
strftime_case_-82351	strftime_case_-82354
vasnprintf-88095	vasnprintf-88098
strftime_case____0-90298	strftime_case____0-90301
search_cur_bkref_entry-106467	search_cur_bkref_entry-106471
vasnprintf-87549	vasnprintf-87552
strftime_case____0-90242	strftime_case____0-90245
specify_nmerge-115965	specify_nmerge-115968
strftime_case____0-90256	strftime_case____0-90259
strftime_case_-82361	strftime_case_-82364
strftime_case____0-90282	strftime_case____0-90285
strftime_case_-82735	strftime_case_-82738
vasnprintf-88086	vasnprintf-88088
strftime_case_-82377	strftime_case_-82380
strftime_case____0-90262	strftime_case____0-90265
numcompare-89791	numcompare-89793
vasnprintf-87775	vasnprintf-87778
strftime_case_-82383	strftime_case_-82386
main-119885	main-119887
printf_parse-110840	printf_parse-110843
vasnprintf-87603	vasnprintf-87606
set_ordering-119006	set_ordering-119009
main-119912	main-119915
set_ordering-119008	set_ordering-119011
strftime_case____0-90270	strftime_case____0-90273
strftime_case_-82335	strftime_case_-82338
main-119904	main-119907
read_file_system_list-111829	read_file_system_list-111831
strftime_case_-82333	strftime_case_-82336
printf_parse-110846	printf_parse-110849
strftime_case____0-90268	strftime_case____0-90271
printf_parse-110864	printf_parse-110867
merge-118603	merge-118612
strftime_case____0-90314	strftime_case____0-90317
strftime_case_-82387	strftime_case_-82390
printf_parse-110860	printf_parse-110863
main-119908	main-119911
vasnprintf-88024	vasnprintf-88030
printf_parse-110832	printf_parse-110835
re_search_internal-102481	re_search_internal-102484
strftime_case____0-90308	strftime_case____0-90311
strftime_case____0-90196	strftime_case____0-90199
strftime_case____0-90322	strftime_case____0-90325
main-119930	main-119933
strftime_case____0-90272	strftime_case____0-90275
vasnprintf-88026	vasnprintf-88028
strftime_case_-82775	strftime_case_-82778
strftime_case_-82407	strftime_case_-82410
printf_parse-110852	printf_parse-110855
strftime_case____0-90608	strftime_case____0-90611
strftime_case_-82777	strftime_case_-82780
re_string_skip_chars-95447	re_string_skip_chars-95450
memxfrm-112578	memxfrm-112581
strftime_case_-82391	strftime_case_-82394
vasnprintf-87791	vasnprintf-87794
vasnprintf-87560	vasnprintf-87566
re_string_skip_chars-95445	re_string_skip_chars-95448
strftime_case_-82369	strftime_case_-82372
strftime_case_-82355	strftime_case_-82358
strftime_case_-82331	strftime_case_-82334
strftime_case_-82337	strftime_case_-82340
fopen_safer-83286	fopen_safer-83288
strftime_case____0-90288	strftime_case____0-90291
vasnprintf-87562	vasnprintf-87564
strftime_case_-82399	strftime_case_-82402
printf_parse-110856	printf_parse-110859
main-119914	main-119917
strftime_case____0-90274	strftime_case____0-90277
set_ordering-119004	set_ordering-119007
strftime_case_-82393	strftime_case_-82396
clean_state_log_if_needed-103469	clean_state_log_if_needed-103472
strftime_case____0-90324	strftime_case____0-90327
strftime_case____0-90264	strftime_case____0-90267
strftime_case_-82397	strftime_case_-82400
strftime_case____0-90296	strftime_case____0-90299
strftime_case____0-90278	strftime_case____0-90281
vasnprintf-87780	vasnprintf-87786
strftime_case____0-90644	strftime_case____0-90647
strftime_case_-82405	strftime_case_-82408
main-119896	main-119899
strftime_case____0-90306	strftime_case____0-90309
main-119883	main-119885
posix2_version-111375	posix2_version-111377
strftime_case____0-90276	strftime_case____0-90279
strftime_case____0-90246	strftime_case____0-90249
vasnprintf-87681	vasnprintf-87684
strftime_case____0-90240	strftime_case____0-90243
getmonth-116784	getmonth-116787
strftime_case____0-90300	strftime_case____0-90303
re_search_internal-102536	re_search_internal-102542
numcompare-89783	numcompare-89785
strftime_case____0-90252	strftime_case____0-90255
strftime_case_-82389	strftime_case_-82392
vasnprintf-88062	vasnprintf-88068
mergefiles-118429	mergefiles-118431
