readtoken-106865	readtoken-106961
readtoken-106865	readtoken-106959
readtoken-106865	readtoken-106957
sha1_process_block-92113	sha1_process_block-93175
strftime_case____0-88737	strftime_case____0-90506
strftime_case____0-88737	strftime_case____0-90508
strftime_case____0-88737	strftime_case____0-90504
check_arrival-104940	check_arrival-104808
check_arrival-104940	check_arrival-104810
sha256_read_ctx-90756	sha256_read_ctx-91904
hash_insert-79363	hash_insert-79338
sha256_stream-91966	sha256_stream-91953
mergefps-117934	mergefps-118177
keycompare-116945	keycompare-117382
keycompare-116945	keycompare-117380
keycompare-117015	keycompare-117402
keycompare-117015	keycompare-117408
keycompare-117015	keycompare-117404
keycompare-117258	keycompare-117466
keycompare-117258	keycompare-117468
keycompare-117299	keycompare-117476
keycompare-117302	keycompare-117478
keycompare-117316	keycompare-117488
keycompare-117316	keycompare-117492
keycompare-117330	keycompare-117488
keycompare-117351	keycompare-117492
keycompare-117595	keycompare-117480
build_trtable-105422	build_trtable-105645
reap_some-115394	reap_some-115389
strftime_case____0-91046	strftime_case____0-90672
hash_rehash-72401	hash_rehash-79274
hash_rehash-72401	hash_rehash-79270
hash_rehash-72401	hash_rehash-79266
hash_rehash-79286	hash_rehash-79268
fopen_safer-83300	fopen_safer-83289
fnmatch_no_wildcards-79468	fnmatch_no_wildcards-83854
check_node_accept_bytes-106080	check_node_accept_bytes-106112
extend_buffers-106334	extend_buffers-106300
extend_buffers-106334	extend_buffers-106304
parse_with_separator-86480	parse_with_separator-89137
verrevcmp-78784	verrevcmp-83362
verrevcmp-78784	verrevcmp-83364
verrevcmp-78796	verrevcmp-83366
verrevcmp-78796	verrevcmp-83370
verrevcmp-78872	verrevcmp-83388
strftime_case____0-90866	strftime_case____0-90492
strftime_case____0-90866	strftime_case____0-90498
_G_-126406	_G_-126407
vasnprintf-85308	vasnprintf-87859
build_trtable-105871	build_trtable-105661
build_trtable-105871	build_trtable-105603
md5_process_block-112862	md5_process_block-113710
printf_parse-110045	printf_parse-110724
printf_parse-110045	printf_parse-110714
printf_parse-110045	printf_parse-110742
printf_parse-110045	printf_parse-110798
printf_parse-110045	printf_parse-110748
printf_parse-110045	printf_parse-110946
printf_parse-110045	printf_parse-110942
printf_parse-110045	printf_parse-110932
printf_parse-110045	printf_parse-110688
printf_parse-110161	printf_parse-110706
printf_parse-110263	printf_parse-110774
printf_parse-110263	printf_parse-110784
printf_parse-110616	printf_parse-110940
prune_impossible_nodes-102866	prune_impossible_nodes-102842
fillbuf___7-116652	fillbuf___7-116606
fillbuf___7-116652	fillbuf___7-116608
fillbuf___7-116468	fillbuf___7-116624
keycompare-117507	keycompare-117454
keycompare-117507	keycompare-117446
keycompare-117507	keycompare-117466
keycompare-117507	keycompare-117460
keycompare-117507	keycompare-117424
keycompare-117507	keycompare-117440
keycompare-117507	keycompare-117432
printf_parse-111025	printf_parse-110726
sha1_process_block-92102	sha1_process_block-93173
check_subexp_limits-103702	check_subexp_limits-103767
keycompare-117040	keycompare-117414
keycompare-117040	keycompare-117416
fraccompare-ENTRY	fraccompare-89736
fraccompare-ENTRY	fraccompare-89738
fraccompare-ENTRY	fraccompare-89740
fraccompare-ENTRY	fraccompare-89742
fraccompare-ENTRY	fraccompare-89744
fraccompare-ENTRY	fraccompare-89746
fraccompare-ENTRY	fraccompare-89748
fraccompare-ENTRY	fraccompare-89750
fraccompare-ENTRY	fraccompare-89752
fraccompare-ENTRY	fraccompare-89754
fraccompare-ENTRY	fraccompare-89756
fraccompare-ENTRY	fraccompare-89758
strftime_case_-82575	strftime_case_-82585
strftime_case_-77777	strftime_case_-82595
vasnprintf-84813	vasnprintf-87667
strftime_case____0-90945	strftime_case____0-90562
strftime_case____0-90948	strftime_case____0-90570
strftime_case____0-90948	strftime_case____0-90564
get_subexp-104347	get_subexp-104497
get_subexp-104347	get_subexp-104503
build_wcs_upper_buffer-95343	build_wcs_upper_buffer-95260
re_search_internal-102644	re_search_internal-102403
re_search_internal-102644	re_search_internal-102395
strftime_case_-77904	strftime_case_-82623
strftime_case_-77904	strftime_case_-82621
strftime_case_-77904	strftime_case_-82619
main-119129	main-120072
main-119129	main-120020
main-119129	main-120060
main-119129	main-119880
main-119129	main-119968
main-119129	main-120078
main-119129	main-119878
main-119129	main-119888
main-119129	main-120028
main-119129	main-119996
main-119129	main-119874
main-119129	main-119956
main-119129	main-119984
main-119129	main-119882
xgethostname-87017	xgethostname-86981
randint_genmax-107632	randint_genmax-107699
getmonth-116809	getmonth-116784
getmonth-116702	getmonth-116782
getmonth-116702	getmonth-116784
getmonth-116735	getmonth-116788
getmonth-116808	getmonth-116786
re_node_set_merge-ENTRY	re_node_set_merge-96235
strftime_case_-83156	strftime_case_-82751
strftime_case_-83156	strftime_case_-82757
strftime_case____0-88135	strftime_case____0-90460
strftime_case____0-88135	strftime_case____0-90208
strftime_case____0-88135	strftime_case____0-90542
strftime_case____0-88135	strftime_case____0-90660
strftime_case____0-88135	strftime_case____0-90476
strftime_case____0-88135	strftime_case____0-90544
strftime_case____0-88135	strftime_case____0-90470
strftime_case____0-88135	strftime_case____0-90378
strftime_case____0-88135	strftime_case____0-90492
strftime_case____0-88135	strftime_case____0-90452
strftime_case____0-88135	strftime_case____0-90438
strftime_case____0-88135	strftime_case____0-90620
strftime_case____0-88135	strftime_case____0-90380
strftime_case____0-88135	strftime_case____0-90478
strftime_case____0-88135	strftime_case____0-90494
strftime_case____0-88135	strftime_case____0-90676
strftime_case____0-88135	strftime_case____0-90566
strftime_case____0-88135	strftime_case____0-90674
strftime_case____0-88135	strftime_case____0-90624
strftime_case____0-88135	strftime_case____0-90504
strftime_case____0-88135	strftime_case____0-90626
strftime_case____0-88135	strftime_case____0-90436
strftime_case____0-88135	strftime_case____0-90334
strftime_case____0-88135	strftime_case____0-90206
strftime_case____0-88135	strftime_case____0-90662
strftime_case____0-88135	strftime_case____0-90564
strftime_case____0-88135	strftime_case____0-90332
strftime_case____0-88135	strftime_case____0-90450
get_subexp-104580	get_subexp-104535
main-120520	main-119978
printf_parse-110575	printf_parse-110926
printf_parse-110632	printf_parse-110944
avoid_trashing_input-118313	avoid_trashing_input-118546
merge-118492	merge-118617
re_search_internal-102347	re_search_internal-102507
re_search_internal-102348	re_search_internal-102403
re_search_internal-102348	re_search_internal-102395
re_search_internal-102348	re_search_internal-102507
re_search_internal-102574	re_search_internal-102403
update_cur_sifted_state-103302	update_cur_sifted_state-103525
seen_triple-ENTRY	seen_triple-84603
seen_triple-ENTRY	seen_triple-84605
re_node_set_insert-ENTRY	re_node_set_insert-96310
parse_with_separator-86467	parse_with_separator-89135
proceed_next_node-102726	proceed_next_node-103097
main-119797	main-120092
vasnprintf-85327	vasnprintf-87865
sift_states_iter_mb-ENTRY	sift_states_iter_mb-103960
sift_states_iter_mb-103970	sift_states_iter_mb-103956
sha1_process_bytes-92609	sha1_process_bytes-92587
sha256_process_bytes-92056	sha256_process_bytes-92042
sha256_process_bytes-90997	sha256_process_bytes-92046
md5_process_block-ENTRY	md5_process_block-113708
add_exclude_file-79731	add_exclude_file-83992
add_exclude_file-79731	add_exclude_file-83998
add_exclude_file-79731	add_exclude_file-84000
add_exclude_file-79731	add_exclude_file-83994
sift_states_bkref-103764	sift_states_bkref-103878
sift_states_bkref-103764	sift_states_bkref-103882
sift_states_bkref-103764	sift_states_bkref-103880
sift_states_bkref-103913	sift_states_bkref-103876
sift_states_bkref-103914	sift_states_bkref-103878
set_regs-102908	set_regs-103235
set_regs-102908	set_regs-103231
proceed_next_node-102800	proceed_next_node-103125
fts_build-75793	fts_build-81462
sift_states_backward-103103	sift_states_backward-103388
sift_states_backward-103103	sift_states_backward-103390
specify_sort_size-116069	specify_sort_size-116029
sort-118518	sort-118740
sort-118518	sort-118742
strftime_case_-82956	strftime_case_-82531
strftime_case_-82956	strftime_case_-82537
merge-118346	merge-118589
merge-118346	merge-118591
merge-118420	merge-118615
merge-118420	merge-118603
merge-118699	merge-118613
hash_insert-79370	hash_insert-79326
hash_insert-79370	hash_insert-79328
add_epsilon_src_nodes-103359	add_epsilon_src_nodes-103560
re_node_set_init_union-ENTRY	re_node_set_init_union-96182
re_node_set_init_union-ENTRY	re_node_set_init_union-96172
re_node_set_init_union-ENTRY	re_node_set_init_union-96190
re_node_set_init_union-ENTRY	re_node_set_init_union-96174
re_node_set_init_union-ENTRY	re_node_set_init_union-96170
re_node_set_init_union-ENTRY	re_node_set_init_union-96186
re_node_set_init_union-ENTRY	re_node_set_init_union-96194
re_node_set_init_union-ENTRY	re_node_set_init_union-96188
re_node_set_init_union-ENTRY	re_node_set_init_union-96176
re_node_set_init_union-ENTRY	re_node_set_init_union-96192
umaxtostr-ENTRY	umaxtostr-89378
printf_parse-110913	printf_parse-110916
mergefps-118024	mergefps-118193
strftime_case_-82853	strftime_case_-82649
strftime_case_-82853	strftime_case_-82701
strftime_case_-82853	strftime_case_-82733
strftime_case_-82853	strftime_case_-82645
strftime_case_-82853	strftime_case_-82495
strftime_case_-82853	strftime_case_-82439
strftime_case_-82853	strftime_case_-82641
strftime_case_-82853	strftime_case_-82683
strftime_case_-82853	strftime_case_-82643
strftime_case_-82853	strftime_case_-82653
strftime_case_-82853	strftime_case_-82411
strftime_case_-82853	strftime_case_-82433
strftime_case_-82853	strftime_case_-82441
strftime_case_-82853	strftime_case_-82639
strftime_case_-82853	strftime_case_-82637
strftime_case_-82853	strftime_case_-82651
strftime_case_-82853	strftime_case_-82429
strftime_case_-82853	strftime_case_-82647
strftime_case_-82853	strftime_case_-82499
strftime_case_-82853	strftime_case_-82445
strftime_case_-82853	strftime_case_-82731
strftime_case_-82853	strftime_case_-82501
strftime_case_-82853	strftime_case_-82677
strftime_case_-82853	strftime_case_-82497
strftime_case_-82853	strftime_case_-82703
strftime_case_-82853	strftime_case_-82739
strftime_case_-82853	strftime_case_-82487
strftime_case_-82853	strftime_case_-82323
strftime_case_-82853	strftime_case_-82735
set_regs-103342	set_regs-103233
set_regs-102926	set_regs-103239
set_regs-102926	set_regs-103243
set_regs-102926	set_regs-103241
check_arrival_expand_ecl-104908	check_arrival_expand_ecl-105035
strftime_case____0-90831	strftime_case____0-90460
strftime_case____0-90831	strftime_case____0-90462
build_sifted_states-103167	build_sifted_states-103433
build_sifted_states-103167	build_sifted_states-103437
vasnprintf-85168	vasnprintf-87795
keycompare-117462	keycompare-117476
keycompare-117462	keycompare-117472
re_string_reconstruct-95431	re_string_reconstruct-95713
numcompare-87617	numcompare-89852
numcompare-87617	numcompare-89864
read_utmp-106547	read_utmp-106623
mergefps-118231	mergefps-118139
mergefps-117808	mergefps-118151
mergefps-117808	mergefps-118155
mergefps-117808	mergefps-118159
mergefps-117808	mergefps-118161
mergefps-117808	mergefps-118149
default_sort_size-116104	default_sort_size-116087
begfield-ENTRY	begfield-116271
begfield-ENTRY	begfield-116279
create_temp_file-115492	create_temp_file-115427
vasnprintf-84654	vasnprintf-87611
vasnprintf-84654	vasnprintf-87869
vasnprintf-84654	vasnprintf-87799
vasnprintf-84654	vasnprintf-87591
vasnprintf-84654	vasnprintf-88103
vasnprintf-84654	vasnprintf-87777
vasnprintf-84654	vasnprintf-87861
vasnprintf-84654	vasnprintf-88095
vasnprintf-84654	vasnprintf-87603
vasnprintf-84654	vasnprintf-87791
check_arrival-104665	check_arrival-104822
check_arrival-104924	check_arrival-104832
check_arrival-104924	check_arrival-104834
strftime_case____0-89124	strftime_case____0-90644
printf_parse-111131	printf_parse-110912
memxfrm-112473	memxfrm-112588
md5_process_bytes-112891	md5_process_bytes-112869
main-119387	main-120008
sha256_process_bytes-91003	sha256_process_bytes-92050
re_string_reconstruct-95891	re_string_reconstruct-95779
re_string_reconstruct-95891	re_string_reconstruct-95789
build_wcs_buffer-94887	build_wcs_buffer-94981
build_wcs_buffer-95012	build_wcs_buffer-94981
check_node_accept_bytes-106182	check_node_accept_bytes-106134
check_node_accept_bytes-106182	check_node_accept_bytes-106122
re_string_reconstruct-95827	re_string_reconstruct-95719
strftime_case_-83274	strftime_case_-82453
strftime_case_-83274	strftime_case_-82451
strftime_case_-83274	strftime_case_-82449
strftime_case_-82878	strftime_case_-82447
strftime_case_-82881	strftime_case_-82455
strftime_case_-82881	strftime_case_-82449
fts_build-75831	fts_build-81484
printf_parse-110555	printf_parse-110918
sha1_process_bytes-92046	sha1_process_bytes-92579
randint_genmax-107684	randint_genmax-107705
build_wcs_upper_buffer-94907	build_wcs_upper_buffer-95234
open_input_files-117618	open_input_files-117782
stream_open-ENTRY	stream_open-115497
create_cd_newstate-96662	create_cd_newstate-96752
create_cd_newstate-96662	create_cd_newstate-96764
strftime_case_-76939	strftime_case_-82311
set_regs-103239	set_regs-103243
set_regs-103239	set_regs-103241
humblock-71692	humblock-78861
humblock-71692	humblock-78863
humblock-71692	humblock-78855
canonicalize_filename_mode-84799	canonicalize_filename_mode-84701
re_search_stub-101567	re_search_stub-101838
strftime_case____0-88536	strftime_case____0-90412
strftime_case_-83270	strftime_case_-82465
fillbuf___7-116431	fillbuf___7-116598
fillbuf___7-116431	fillbuf___7-116608
fillbuf___7-116472	fillbuf___7-116614
fillbuf___7-116472	fillbuf___7-116612
fillbuf___7-116663	fillbuf___7-116610
proceed_next_node-103165	proceed_next_node-103129
printf_parse-110336	printf_parse-110780
sort-118876	sort-118760
sort-118876	sort-118752
sort-118876	sort-118746
sort-118544	sort-118758
sort-118544	sort-118748
re_string_reconstruct-95375	re_string_reconstruct-95703
vasnprintf-86080	vasnprintf-88099
hash_insert-79351	hash_insert-79330
vasnprintf-84676	vasnprintf-87599
random_state-116829	random_state-116822
random_state-116829	random_state-116820
proceed_next_node-102783	proceed_next_node-103119
get_subexp-104406	get_subexp-104517
get_subexp-104406	get_subexp-104533
get_subexp-104592	get_subexp-104537
get_subexp-104594	get_subexp-104531
re_node_set_compare-96354	re_node_set_compare-96362
re_node_set_compare-96354	re_node_set_compare-96358
printf_parse-ENTRY	printf_parse-110724
printf_parse-ENTRY	printf_parse-110784
printf_parse-ENTRY	printf_parse-110926
printf_parse-ENTRY	printf_parse-110922
printf_parse-ENTRY	printf_parse-110728
printf_parse-ENTRY	printf_parse-110946
printf_parse-ENTRY	printf_parse-110940
printf_parse-ENTRY	printf_parse-110942
printf_parse-ENTRY	printf_parse-110944
printf_parse-ENTRY	printf_parse-110932
printf_parse-ENTRY	printf_parse-110788
printf_parse-ENTRY	printf_parse-110648
printf_parse-110955	printf_parse-110648
printf_parse-111095	printf_parse-110826
printf_parse-111150	printf_parse-110932
sortlines_temp-118508	sortlines_temp-118492
vasnprintf-ENTRY	vasnprintf-87555
vasnprintf-ENTRY	vasnprintf-87617
vasnprintf-ENTRY	vasnprintf-87619
vasnprintf-ENTRY	vasnprintf-87621
vasnprintf-ENTRY	vasnprintf-87623
vasnprintf-ENTRY	vasnprintf-87625
vasnprintf-ENTRY	vasnprintf-87643
vasnprintf-ENTRY	vasnprintf-87651
vasnprintf-ENTRY	vasnprintf-87663
vasnprintf-ENTRY	vasnprintf-87843
vasnprintf-ENTRY	vasnprintf-87847
vasnprintf-85997	vasnprintf-88071
md5_process_block-113719	md5_process_block-113708
sortlines-118488	sortlines-118471
printf_parse-110295	printf_parse-110766
strftime_case_-77445	strftime_case_-82555
strftime_case_-77445	strftime_case_-82519
merge-118357	merge-118599
merge-118357	merge-118591
merge-118357	merge-118593
strftime_case_-82890	strftime_case_-82463
strftime_case_-82890	strftime_case_-82473
strftime_case_-82890	strftime_case_-82485
_G_-126398	_G_-126399
keycompare-117526	keycompare-117400
avoid_trashing_input-118247	avoid_trashing_input-118522
avoid_trashing_input-118247	avoid_trashing_input-118524
update_cur_sifted_state-103271	update_cur_sifted_state-103515
numcompare-ENTRY	numcompare-89786
numcompare-ENTRY	numcompare-89840
numcompare-ENTRY	numcompare-89860
numcompare-ENTRY	numcompare-89806
numcompare-ENTRY	numcompare-89802
numcompare-ENTRY	numcompare-89864
build_wcs_buffer-94821	build_wcs_buffer-94963
transit_state_bkref-104406	transit_state_bkref-104349
transit_state_bkref-104411	transit_state_bkref-104341
readtokens-106950	readtokens-107203
strftime_case____0-88694	strftime_case____0-90486
re_search_internal-102083	re_search_internal-102475
readtokens-107037	readtokens-107209
sift_states_backward-ENTRY	sift_states_backward-103390
re_search_internal-102119	re_search_internal-102489
printf_parse-110196	printf_parse-110718
re_node_set_init_union-96173	re_node_set_init_union-96176
re_node_set_init_union-95974	re_node_set_init_union-96182
build_upper_buffer-95487	build_upper_buffer-95479
numcompare-89882	numcompare-89768
numcompare-89883	numcompare-89824
strftime_case____0-88560	strftime_case____0-90424
strftime_case____0-88560	strftime_case____0-90454
strftime_case____0-90755	strftime_case____0-90382
strftime_case____0-90755	strftime_case____0-90372
strftime_case____0-90755	strftime_case____0-90390
strftime_case_-83089	strftime_case_-82685
strftime_case_-83092	strftime_case_-82693
strftime_case_-83092	strftime_case_-82687
fillbuf___7-116412	fillbuf___7-116606
fillbuf___7-116412	fillbuf___7-116596
printf_parse-110222	printf_parse-110728
strftime_case_-82909	strftime_case_-82475
strftime_case_-82909	strftime_case_-82469
merge_state_with_log-103964	merge_state_with_log-104016
register_proc-115361	register_proc-115329
mergefps-117992	mergefps-118191
mergefps-117992	mergefps-118187
mergefps-117992	mergefps-118189
printf_parse-110599	printf_parse-110936
build_trtable-105519	build_trtable-105661
uinttostr-89404	uinttostr-89396
sort_buffer_size-116048	sort_buffer_size-116130
sort_buffer_size-116048	sort_buffer_size-116132
sort_buffer_size-116048	sort_buffer_size-116138
sort_buffer_size-116048	sort_buffer_size-116120
cmp_hashes-116871	cmp_hashes-116872
cmp_hashes-116810	cmp_hashes-116884
cmp_hashes-116810	cmp_hashes-116882
reap-115300	reap-115289
strftime_case_-77421	strftime_case_-82507
vasnprintf-84625	vasnprintf-87575
add_exclude_file-79615	add_exclude_file-83988
add_exclude_file-79615	add_exclude_file-83974
hash_delete-79393	hash_delete-79374
mergefps-117722	mergefps-118143
expand_bkref_cache-105189	expand_bkref_cache-105145
merge-118636	merge-118599
strftime_case_-82855	strftime_case_-82413
strftime_case_-82858	strftime_case_-82421
strftime_case_-82858	strftime_case_-82415
pipe_safer-111083	pipe_safer-111525
vasnprintf-88490	vasnprintf-88017
re_search_internal-102022	re_search_internal-102451
re_search_internal-102022	re_search_internal-102453
re_search_internal-102022	re_search_internal-102519
re_string_reconstruct-ENTRY	re_string_reconstruct-95717
re_string_reconstruct-ENTRY	re_string_reconstruct-95723
re_string_reconstruct-ENTRY	re_string_reconstruct-95707
re_string_reconstruct-ENTRY	re_string_reconstruct-95681
re_string_reconstruct-ENTRY	re_string_reconstruct-95769
re_string_reconstruct-ENTRY	re_string_reconstruct-95779
re_string_reconstruct-ENTRY	re_string_reconstruct-95701
re_string_reconstruct-ENTRY	re_string_reconstruct-95733
re_string_reconstruct-ENTRY	re_string_reconstruct-95713
re_string_reconstruct-ENTRY	re_string_reconstruct-95719
re_string_reconstruct-ENTRY	re_string_reconstruct-95789
re_string_reconstruct-ENTRY	re_string_reconstruct-95729
sift_states_bkref-103747	sift_states_bkref-103870
inittables-115834	inittables-115906
pipe_fork-115624	pipe_fork-115575
match_ctx_add_entry-106364	match_ctx_add_entry-106436
keycompare-117022	keycompare-117406
keycompare-117022	keycompare-117404
vasnprintf-84603	vasnprintf-87567
check_arrival_expand_ecl-ENTRY	check_arrival_expand_ecl-105035
vasnprintf-88250	vasnprintf-87685
check_arrival-104622	check_arrival-104800
check_arrival-104622	check_arrival-104798
check_arrival-104873	check_arrival-104792
strftime_case_-76800	strftime_case_-82575
strftime_case_-76800	strftime_case_-82753
strftime_case_-76800	strftime_case_-82603
strftime_case_-76800	strftime_case_-82417
strftime_case_-76800	strftime_case_-82619
strftime_case_-76800	strftime_case_-82549
strftime_case_-76800	strftime_case_-82533
strftime_case_-76800	strftime_case_-82791
strftime_case_-76800	strftime_case_-82551
strftime_case_-76800	strftime_case_-82605
strftime_case_-76800	strftime_case_-82531
strftime_case_-76800	strftime_case_-82751
strftime_case_-76800	strftime_case_-82285
strftime_case_-76800	strftime_case_-82415
strftime_case_-76800	strftime_case_-82747
strftime_case_-76800	strftime_case_-82469
strftime_case_-76800	strftime_case_-82663
strftime_case_-76800	strftime_case_-82689
strftime_case_-76800	strftime_case_-82471
strftime_case_-76800	strftime_case_-82661
strftime_case_-76800	strftime_case_-82287
strftime_case_-76800	strftime_case_-82793
strftime_case_-76800	strftime_case_-82581
strftime_case_-76800	strftime_case_-82561
strftime_case_-76800	strftime_case_-82687
strftime_case_-76800	strftime_case_-82583
sort-118721	sort-118780
vasnprintf-85933	vasnprintf-88039
merge-118371	merge-118595
printf_parse-111055	printf_parse-110774
parse_with_separator-86472	parse_with_separator-89149
parse_with_separator-86472	parse_with_separator-89141
sha1_stream-92549	sha1_stream-92536
acquire_init_state_context-102933	acquire_init_state_context-102919
filevercmp-83460	filevercmp-83444
strftime_case_-83198	strftime_case_-82791
strftime_case_-83198	strftime_case_-82797
re_node_set_remove_at-ENTRY	re_node_set_remove_at-96383
re_node_set_remove_at-ENTRY	re_node_set_remove_at-96385
re_node_set_remove_at-ENTRY	re_node_set_remove_at-96381
re_node_set_init_union-96185	re_node_set_init_union-96186
numcompare-87396	numcompare-89806
numcompare-87396	numcompare-89794
hash_initialize-79131	hash_initialize-79116
strftime_case_-83192	strftime_case_-82807
mergefps-118039	mergefps-118195
mergefps-117911	mergefps-118179
mergefps-117911	mergefps-118175
mergefps-117911	mergefps-118203
mergefps-117911	mergefps-118165
mergefps-117911	mergefps-118183
mergefps-117911	mergefps-118169
mergefps-117911	mergefps-118191
transit_state_mb-104063	transit_state_mb-104177
expand_bkref_cache-105231	expand_bkref_cache-105181
re_acquire_state_context-96520	re_acquire_state_context-96508
canonicalize_filename_mode-84768	canonicalize_filename_mode-84699
strftime_case____0-90725	strftime_case____0-90338
strftime_case____0-90725	strftime_case____0-90332
limfield-116350	limfield-116422
strftime_case_-77453	strftime_case_-82599
strftime_case_-77453	strftime_case_-82577
strftime_case_-77453	strftime_case_-82557
strftime_case_-77453	strftime_case_-82527
strftime_case_-82965	strftime_case_-82545
build_trtable-105459	build_trtable-105649
vasnprintf-85341	vasnprintf-88021
vasnprintf-85341	vasnprintf-88059
vasnprintf-85341	vasnprintf-88081
vasnprintf-85341	vasnprintf-88043
vasnprintf-85341	vasnprintf-88073
vasnprintf-85341	vasnprintf-88035
vasnprintf-85341	vasnprintf-88017
vasnprintf-86016	vasnprintf-88077
vasnprintf-88522	vasnprintf-87871
pipe_fork-115433	pipe_fork-115577
pipe_fork-115460	pipe_fork-115581
strftime_case____0-90850	strftime_case____0-90476
strftime_case____0-90850	strftime_case____0-90482
mergefps-118083	mergefps-118205
sha1_process_bytes-ENTRY	sha1_process_bytes-92575
sha1_process_bytes-92589	sha1_process_bytes-92575
strftime_case_-82906	strftime_case_-82467
create_temp_file-115257	create_temp_file-115429
cmp_hashes-116862	cmp_hashes-116863
fraccompare-89762	fraccompare-89752
fraccompare-89765	fraccompare-89756
find_recover_state-ENTRY	find_recover_state-104061
check_matching-103038	check_matching-102980
re_string_context_at-ENTRY	re_string_context_at-95995
re_node_set_remove_at-96257	re_node_set_remove_at-96385
vasnprintf-85914	vasnprintf-88033
vasnprintf-85098	vasnprintf-87771
canonicalize_filename_mode-80633	canonicalize_filename_mode-84699
limfield-116407	limfield-116408
limfield-116304	limfield-116410
inittables-115782	inittables-115894
umaxtostr-89393	umaxtostr-89382
strftime_case_-82989	strftime_case_-82587
strftime_case_-82989	strftime_case_-82581
extract_trimmed_name-106493	extract_trimmed_name-106538
re_node_set_init_union-96003	re_node_set_init_union-96190
re_node_set_init_union-96003	re_node_set_init_union-96188
re_node_set_init_union-96003	re_node_set_init_union-96192
fts_safe_changedir-ENTRY	fts_safe_changedir-81995
fts_safe_changedir-ENTRY	fts_safe_changedir-82005
compare-ENTRY	compare-117645
mergefps-117927	mergefps-118173
printf_parse-110205	printf_parse-110722
hash_lookup-71871	hash_lookup-78975
check_arrival-104571	check_arrival-104786
match_ctx_clean-106281	match_ctx_clean-106404
match_ctx_clean-106281	match_ctx_clean-106400
build_trtable-105801	build_trtable-105802
verrevcmp-78815	verrevcmp-83376
verrevcmp-78815	verrevcmp-83374
verrevcmp-78842	verrevcmp-83380
memcoll-112669	memcoll-112638
match_suffix-ENTRY	match_suffix-83324
match_suffix-ENTRY	match_suffix-83330
match_suffix-ENTRY	match_suffix-83332
match_suffix-ENTRY	match_suffix-83338
hash_find_entry-72352	hash_find_entry-79231
expand_bkref_cache-105237	expand_bkref_cache-105169
strftime_case____0-90820	strftime_case____0-90442
strftime_case____0-90820	strftime_case____0-90436
re_node_set_merge-96069	re_node_set_merge-96245
fts_build-81626	fts_build-81482
strftime_case_-76957	strftime_case_-82655
strftime_case_-82825	strftime_case_-82283
hash_find_entry-ENTRY	hash_find_entry-79223
hash_find_entry-ENTRY	hash_find_entry-79229
hash_find_entry-ENTRY	hash_find_entry-79221
hash_find_entry-ENTRY	hash_find_entry-79231
hash_find_entry-79238	hash_find_entry-79221
canonicalize_filename_mode-84710	canonicalize_filename_mode-84711
printf_parse-110202	printf_parse-110720
printf_parse-111014	printf_parse-110714
check_node_accept_bytes-ENTRY	check_node_accept_bytes-106080
check_node_accept_bytes-ENTRY	check_node_accept_bytes-106112
random_state-ENTRY	random_state-116816
fillbuf___7-116689	fillbuf___7-116630
fillbuf___7-116689	fillbuf___7-116632
check-117477	check-117697
keycompare-117510	keycompare-117462
keycompare-117510	keycompare-117414
keycompare-117510	keycompare-117402
keycompare-117510	keycompare-117426
keycompare-117510	keycompare-117450
keycompare-117510	keycompare-117442
keycompare-117510	keycompare-117468
keycompare-117510	keycompare-117456
keycompare-117510	keycompare-117436
keycompare-117099	keycompare-117432
keycompare-117115	keycompare-117440
reap-ENTRY	reap-115287
re_string_construct-94652	re_string_construct-94789
merge_state_array-103231	merge_state_array-103488
fd_safer-ENTRY	fd_safer-83767
keycompare-117120	keycompare-117436
re_string_reconstruct-95816	re_string_reconstruct-95707
hash_rehash-79268	hash_rehash-79270
set_regs-ENTRY	set_regs-103239
set_regs-ENTRY	set_regs-103243
set_regs-ENTRY	set_regs-103227
set_regs-ENTRY	set_regs-103233
set_regs-ENTRY	set_regs-103235
set_regs-ENTRY	set_regs-103305
set_regs-ENTRY	set_regs-103231
set_regs-ENTRY	set_regs-103241
set_regs-103265	set_regs-103305
set_regs-103270	set_regs-103227
set_regs-103304	set_regs-103305
re_string_construct-94886	re_string_construct-94797
re_string_construct-94886	re_string_construct-94785
specify_nmerge-116024	specify_nmerge-115965
specify_nmerge-115979	specify_nmerge-115965
mergefps-117887	mergefps-118161
expand_bkref_cache-105242	expand_bkref_cache-105155
expand_bkref_cache-105241	expand_bkref_cache-105157
sort_buffer_size-116158	sort_buffer_size-116138
build_wcs_upper_buffer-95157	build_wcs_upper_buffer-95290
sift_states_backward-103388	sift_states_backward-103390
maybe_create_temp-115686	maybe_create_temp-115633
mergefps-117872	mergefps-118159
re_string_reconstruct-95850	re_string_reconstruct-95741
humblock-ENTRY	humblock-78849
humblock-78903	humblock-78865
canonicalize_filename_mode-80556	canonicalize_filename_mode-84667
canonicalize_filename_mode-80556	canonicalize_filename_mode-84643
canonicalize_filename_mode-80556	canonicalize_filename_mode-84653
canonicalize_filename_mode-80556	canonicalize_filename_mode-84657
canonicalize_filename_mode-80556	canonicalize_filename_mode-84659
vasnprintf-88218	vasnprintf-87657
set_regs-103224	set_regs-103227
set_regs-103224	set_regs-103305
re_string_skip_chars-95225	re_string_skip_chars-95443
re_string_skip_chars-95476	re_string_skip_chars-95445
keycompare-117187	keycompare-117446
keycompare-117203	keycompare-117454
sortlines-ENTRY	sortlines-118467
printf_parse-110602	printf_parse-110938
vasnprintf-84865	vasnprintf-87771
vasnprintf-84865	vasnprintf-87775
keycompare-117208	keycompare-117450
open_input_files-117785	open_input_files-117776
printf_parse-110579	printf_parse-110926
main-119284	main-119982
check_subexp_limits-ENTRY	check_subexp_limits-103743
check_subexp_limits-ENTRY	check_subexp_limits-103759
check_subexp_limits-ENTRY	check_subexp_limits-103767
mergefps-118306	mergefps-118179
mergefps-118306	mergefps-118175
mergefps-118306	mergefps-118183
read_utmp-106640	read_utmp-106629
check-117432	check-117687
check-ENTRY	check-117683
check-117772	check-117697
check-117772	check-117701
xgethostname-86998	xgethostname-86975
xgethostname-86998	xgethostname-86977
build_wcs_upper_buffer-95173	build_wcs_upper_buffer-95292
build_wcs_upper_buffer-95393	build_wcs_upper_buffer-95292
strftime_case____0-90774	strftime_case____0-90378
strftime_case____0-90774	strftime_case____0-90384
strftime_case____0-91118	strftime_case____0-90374
strftime_case____0-90863	strftime_case____0-90490
add_exclude_file-84062	add_exclude_file-84000
add_exclude_file-79748	add_exclude_file-83998
add_exclude_file-84078	add_exclude_file-84000
initbuf-ENTRY	initbuf-116174
initbuf-ENTRY	initbuf-116172
initbuf-116178	initbuf-116172
build_wcs_upper_buffer-95426	build_wcs_upper_buffer-95290
build_wcs_upper_buffer-95426	build_wcs_upper_buffer-95282
re_search_internal-101995	re_search_internal-102435
limfield-116377	limfield-116430
vasnprintf-84583	vasnprintf-87557
vasnprintf-84583	vasnprintf-87559
vasnprintf-84583	vasnprintf-87657
vasnprintf-84583	vasnprintf-87579
vasnprintf-84583	vasnprintf-87667
vasnprintf-84583	vasnprintf-87571
vasnprintf-84583	vasnprintf-87617
vasnprintf-84583	vasnprintf-87619
vasnprintf-84583	vasnprintf-87621
vasnprintf-84583	vasnprintf-87623
vasnprintf-84583	vasnprintf-87625
vasnprintf-84583	vasnprintf-87643
vasnprintf-84583	vasnprintf-87651
vasnprintf-84583	vasnprintf-87663
vasnprintf-84583	vasnprintf-87843
vasnprintf-84583	vasnprintf-87847
vasnprintf-84583	vasnprintf-87587
vasnprintf-84583	vasnprintf-87589
vasnprintf-84583	vasnprintf-87613
vasnprintf-84583	vasnprintf-87615
vasnprintf-84583	vasnprintf-87627
vasnprintf-84583	vasnprintf-87629
vasnprintf-84583	vasnprintf-87631
vasnprintf-84583	vasnprintf-87633
vasnprintf-84583	vasnprintf-87635
vasnprintf-84583	vasnprintf-87637
vasnprintf-84583	vasnprintf-87639
vasnprintf-84583	vasnprintf-87641
vasnprintf-84583	vasnprintf-87647
vasnprintf-84583	vasnprintf-87649
vasnprintf-84583	vasnprintf-87659
vasnprintf-84583	vasnprintf-87661
vasnprintf-84583	vasnprintf-87673
vasnprintf-84583	vasnprintf-87675
vasnprintf-84583	vasnprintf-87689
vasnprintf-84583	vasnprintf-87691
vasnprintf-84583	vasnprintf-87709
vasnprintf-84583	vasnprintf-87711
vasnprintf-84583	vasnprintf-87715
vasnprintf-84583	vasnprintf-87717
vasnprintf-84583	vasnprintf-87725
vasnprintf-84583	vasnprintf-87727
vasnprintf-84583	vasnprintf-87735
vasnprintf-84583	vasnprintf-87737
vasnprintf-84583	vasnprintf-87745
vasnprintf-84583	vasnprintf-87747
vasnprintf-84583	vasnprintf-87815
vasnprintf-84583	vasnprintf-87821
vasnprintf-84583	vasnprintf-87841
vasnprintf-84583	vasnprintf-87845
bkm_scale-ENTRY	bkm_scale-86012
check_tuning-79080	check_tuning-79087
check_tuning-79080	check_tuning-79081
check_tuning-79080	check_tuning-79083
check_tuning-79080	check_tuning-79091
_G_-126620	_G_-126621
vasnprintf-85994	vasnprintf-88069
strftime_case_-83059	strftime_case_-82667
strftime_case_-83059	strftime_case_-82661
get_charset_aliases-78137	get_charset_aliases-78045
get_charset_aliases-78137	get_charset_aliases-78049
transit_state_bkref-104376	transit_state_bkref-104337
update_regs-ENTRY	update_regs-103365
open_input_files-117800	open_input_files-117782
check_tuning-ENTRY	check_tuning-79087
check_tuning-ENTRY	check_tuning-79081
check_tuning-ENTRY	check_tuning-79089
check_tuning-ENTRY	check_tuning-79085
check_tuning-ENTRY	check_tuning-79083
check_tuning-ENTRY	check_tuning-79091
re_string_construct-94813	re_string_construct-94759
re_string_construct-94813	re_string_construct-94767
re_search_internal-101998	re_search_internal-102451
re_search_internal-101998	re_search_internal-102489
re_search_internal-101998	re_search_internal-102437
re_search_internal-101998	re_search_internal-102481
re_search_internal-101998	re_search_internal-102499
begfield-116190	begfield-116283
re_search_stub-101620	re_search_stub-101858
re_search_stub-101883	re_search_stub-101834
get_charset_aliases-70788	get_charset_aliases-78077
get_charset_aliases-70807	get_charset_aliases-78081
vasnprintf-88182	vasnprintf-87591
main-120227	main-120002
main-120509	main-120006
readtokens-107234	readtokens-107203
build_wcs_buffer-94985	build_wcs_buffer-94963
check_halt_state_context-102690	check_halt_state_context-103079
hash_initialize-72136	hash_initialize-79110
build_trtable-105854	build_trtable-105621
build_trtable-105852	build_trtable-105631
check_halt_state_context-ENTRY	check_halt_state_context-103079
re_search_internal-102207	re_search_internal-102525
search_cur_bkref_entry-106380	search_cur_bkref_entry-106466
sort-118558	sort-118756
sort-118558	sort-118754
seen_file-ENTRY	seen_file-83738
re_search_internal-102451	re_search_internal-102453
re_search_internal-102101	re_search_internal-102481
re_search_internal-102127	re_search_internal-102495
strftime_case____0-90720	strftime_case____0-90406
strftime_case____0-90720	strftime_case____0-90526
strftime_case____0-90720	strftime_case____0-90530
strftime_case____0-90720	strftime_case____0-90524
strftime_case____0-90720	strftime_case____0-90342
strftime_case____0-90720	strftime_case____0-90522
strftime_case____0-90720	strftime_case____0-90354
strftime_case____0-90720	strftime_case____0-90520
strftime_case____0-90720	strftime_case____0-90574
strftime_case____0-90720	strftime_case____0-90402
strftime_case____0-90720	strftime_case____0-90400
strftime_case____0-90720	strftime_case____0-90576
strftime_case____0-90720	strftime_case____0-90612
strftime_case____0-90720	strftime_case____0-90532
strftime_case____0-90720	strftime_case____0-90554
strftime_case____0-90720	strftime_case____0-90358
strftime_case____0-90720	strftime_case____0-90352
strftime_case____0-90720	strftime_case____0-90534
strftime_case____0-90720	strftime_case____0-90518
strftime_case____0-90720	strftime_case____0-90346
strftime_case____0-90720	strftime_case____0-90528
strftime_case____0-90720	strftime_case____0-90606
strftime_case____0-90720	strftime_case____0-90328
strftime_case____0-90720	strftime_case____0-90404
strftime_case____0-90720	strftime_case____0-90560
strftime_case____0-90720	strftime_case____0-90604
strftime_case____0-90720	strftime_case____0-90392
strftime_case____0-90720	strftime_case____0-90608
strftime_case____0-90720	strftime_case____0-90240
strftime_case____0-91122	strftime_case____0-90362
strftime_case____0-91122	strftime_case____0-90366
strftime_case____0-91122	strftime_case____0-90364
printf_parse-111077	printf_parse-110922
printf_parse-111077	printf_parse-110912
transit_state_mb-104224	transit_state_mb-104175
_G_-126645	_G_-126646
init_dfa-ENTRY	init_dfa-97570
init_dfa-ENTRY	init_dfa-97552
init_dfa-97617	init_dfa-97570
init_dfa-97620	init_dfa-97552
get_charset_aliases-70676	get_charset_aliases-78049
clean_state_log_if_needed-ENTRY	clean_state_log_if_needed-103473
clean_state_log_if_needed-ENTRY	clean_state_log_if_needed-103471
clean_state_log_if_needed-ENTRY	clean_state_log_if_needed-103469
readisaac-107328	readisaac-107457
get_subexp-104333	get_subexp-104493
build_wcs_upper_buffer-95016	build_wcs_upper_buffer-95254
build_wcs_upper_buffer-95022	build_wcs_upper_buffer-95278
printf_parse-111142	printf_parse-110924
re_node_set_compare-ENTRY	re_node_set_compare-96354
re_node_set_compare-ENTRY	re_node_set_compare-96362
re_node_set_compare-ENTRY	re_node_set_compare-96358
re_node_set_compare-ENTRY	re_node_set_compare-96356
getmonth-116807	getmonth-116786
getmonth-116810	getmonth-116784
main-120310	main-120076
printf_parse-110330	printf_parse-110778
specify_sort_size-ENTRY	specify_sort_size-116045
add_exclude_file-84057	add_exclude_file-83992
compare-117651	compare-117659
compare-117651	compare-117655
xgethostname-87015	xgethostname-86981
strftime_case_-82976	strftime_case_-82567
strftime_case_-82976	strftime_case_-82561
merge_state_array-ENTRY	merge_state_array-103488
add_temp_dir-ENTRY	add_temp_dir-115771
add_temp_dir-115779	add_temp_dir-115773
add_temp_dir-115782	add_temp_dir-115775
add_temp_dir-115782	add_temp_dir-115777
prune_impossible_nodes-102901	prune_impossible_nodes-102854
prune_impossible_nodes-102909	prune_impossible_nodes-102842
prune_impossible_nodes-102909	prune_impossible_nodes-102840
build_sifted_states-103180	build_sifted_states-103441
vasnprintf-88142	vasnprintf-87553
compare_random-116953	compare_random-116939
vasnprintf-84698	vasnprintf-87607
calc_eclosure_iter-98577	calc_eclosure_iter-98623
check_node_accept_bytes-105922	check_node_accept_bytes-106112
check_arrival-ENTRY	check_arrival-104786
check_arrival-ENTRY	check_arrival-104798
inittables-115870	inittables-115908
build_trtable-105283	build_trtable-105603
specify_sort_size-115988	specify_sort_size-116045
printf_parse-110226	printf_parse-110728
group_nodes_into_DFAstates-105753	group_nodes_into_DFAstates-105940
hash_insert-ENTRY	hash_insert-79322
hash_insert-ENTRY	hash_insert-79328
vasnprintf-84674	vasnprintf-87597
strftime_case____0-90744	strftime_case____0-90360
strftime_case____0-90747	strftime_case____0-90368
strftime_case____0-90747	strftime_case____0-90362
hash_initialize-72133	hash_initialize-79110
humblock-71713	humblock-78865
humblock-71713	humblock-78861
humblock-71713	humblock-78863
re_node_set_contains-96230	re_node_set_contains-96368
vasnprintf-84606	vasnprintf-87569
randint_genmax-ENTRY	randint_genmax-107701
randint_genmax-ENTRY	randint_genmax-107705
randint_genmax-ENTRY	randint_genmax-107699
randint_genmax-ENTRY	randint_genmax-107703
vasnprintf-88867	vasnprintf-87557
vasnprintf-88867	vasnprintf-87657
vasnprintf-88867	vasnprintf-87667
vasnprintf-88867	vasnprintf-87617
vasnprintf-88867	vasnprintf-87619
vasnprintf-88867	vasnprintf-87621
vasnprintf-88867	vasnprintf-87623
vasnprintf-88867	vasnprintf-87625
vasnprintf-88867	vasnprintf-87643
vasnprintf-88867	vasnprintf-87651
vasnprintf-88867	vasnprintf-87663
vasnprintf-88867	vasnprintf-87843
vasnprintf-88867	vasnprintf-87847
vasnprintf-88867	vasnprintf-87587
vasnprintf-88867	vasnprintf-87589
vasnprintf-88867	vasnprintf-87613
vasnprintf-88867	vasnprintf-87615
vasnprintf-88867	vasnprintf-87627
vasnprintf-88867	vasnprintf-87629
vasnprintf-88867	vasnprintf-87631
vasnprintf-88867	vasnprintf-87633
vasnprintf-88867	vasnprintf-87635
vasnprintf-88867	vasnprintf-87637
vasnprintf-88867	vasnprintf-87639
vasnprintf-88867	vasnprintf-87641
vasnprintf-88867	vasnprintf-87647
vasnprintf-88867	vasnprintf-87649
vasnprintf-88867	vasnprintf-87659
vasnprintf-88867	vasnprintf-87661
vasnprintf-88867	vasnprintf-87673
vasnprintf-88867	vasnprintf-87675
vasnprintf-88867	vasnprintf-87689
vasnprintf-88867	vasnprintf-87691
vasnprintf-88867	vasnprintf-87709
vasnprintf-88867	vasnprintf-87711
vasnprintf-88867	vasnprintf-87715
vasnprintf-88867	vasnprintf-87717
vasnprintf-88867	vasnprintf-87725
vasnprintf-88867	vasnprintf-87727
vasnprintf-88867	vasnprintf-87735
vasnprintf-88867	vasnprintf-87737
vasnprintf-88867	vasnprintf-87745
vasnprintf-88867	vasnprintf-87747
vasnprintf-88867	vasnprintf-87815
vasnprintf-88867	vasnprintf-87821
vasnprintf-88867	vasnprintf-87841
vasnprintf-88867	vasnprintf-87845
re_acquire_state_context-96431	re_acquire_state_context-96508
re_node_set_insert-96155	re_node_set_insert-96312
strftime_case_-82837	strftime_case_-82635
strftime_case_-78379	strftime_case_-82767
build_trtable-105820	build_trtable-105821
canonicalize_filename_mode-80546	canonicalize_filename_mode-84709
canonicalize_filename_mode-80546	canonicalize_filename_mode-84661
canonicalize_filename_mode-80546	canonicalize_filename_mode-84667
canonicalize_filename_mode-80546	canonicalize_filename_mode-84711
canonicalize_filename_mode-80546	canonicalize_filename_mode-84643
canonicalize_filename_mode-80546	canonicalize_filename_mode-84653
canonicalize_filename_mode-80546	canonicalize_filename_mode-84657
canonicalize_filename_mode-80546	canonicalize_filename_mode-84659
canonicalize_filename_mode-80546	canonicalize_filename_mode-84663
canonicalize_filename_mode-80546	canonicalize_filename_mode-84645
canonicalize_filename_mode-80546	canonicalize_filename_mode-84647
canonicalize_filename_mode-80546	canonicalize_filename_mode-84677
canonicalize_filename_mode-80546	canonicalize_filename_mode-84705
canonicalize_filename_mode-80546	canonicalize_filename_mode-84641
canonicalize_filename_mode-80546	canonicalize_filename_mode-84665
re_string_translate_buffer-95507	re_string_translate_buffer-95503
re_string_translate_buffer-95308	re_string_translate_buffer-95503
build_wcs_upper_buffer-94977	build_wcs_upper_buffer-95246
build_wcs_upper_buffer-95328	build_wcs_upper_buffer-95246
strftime_case_-77447	strftime_case_-82575
strftime_case_-77447	strftime_case_-82535
strftime_case_-77447	strftime_case_-82565
strftime_case_-77447	strftime_case_-82607
printf_parse-110360	printf_parse-110788
check_subexp_limits-103665	check_subexp_limits-103759
vasnprintf-88240	vasnprintf-87677
transit_state_mb-ENTRY	transit_state_mb-104177
mergefps-118312	mergefps-118179
vasnprintf-85880	vasnprintf-88019
readtoken-106992	readtoken-106967
strftime_case_-82549	strftime_case_-82555
strftime_case_-82969	strftime_case_-82563
strftime_case_-82969	strftime_case_-82561
mergefps-118056	mergefps-118203
mergefps-118056	mergefps-118197
re_search_internal-102804	re_search_internal-102513
main-119248	main-119972
general_numcompare-116757	general_numcompare-116746
main-119153	main-120020
main-119153	main-120028
main-119153	main-119958
main-119153	main-119956
main-119158	main-119892
main-119158	main-120034
keycompare-117224	keycompare-117456
build_trtable-105470	build_trtable-105655
check_matching-102572	check_matching-102962
begfield-116224	begfield-116291
check_matching-102615	check_matching-102970
check_matching-102615	check_matching-102974
merge_state_with_log-ENTRY	merge_state_with_log-104004
printf_parse-110356	printf_parse-110788
mergefps-118291	mergefps-118157
fillbuf___7-116688	fillbuf___7-116632
calc_eclosure-98462	calc_eclosure-98504
main-120513	main-119996
main-120590	main-119966
re_search_internal-102453	re_search_internal-102501
vasnprintf-85149	vasnprintf-87789
printf_parse-110080	printf_parse-110670
printf_parse-111066	printf_parse-110786
vasnprintf-85066	vasnprintf-87767
duplicate_node_closure-98375	duplicate_node_closure-98376
readisaac-107351	readisaac-107461
limfield-116316	limfield-116414
limfield-116279	limfield-116402
read_file_system_list-111920	read_file_system_list-111812
strftime_case____0-90687	strftime_case____0-90546
strftime_case____0-90687	strftime_case____0-90628
strftime_case____0-90687	strftime_case____0-90568
strftime_case____0-90687	strftime_case____0-90210
strftime_case____0-90687	strftime_case____0-90336
strftime_case____0-90687	strftime_case____0-90664
init_dfa-97419	init_dfa-97548
vasnprintf-85305	vasnprintf-87857
check_subexp_limits-103630	check_subexp_limits-103743
keycompare-117136	keycompare-117442
strftime_case____0-90916	strftime_case____0-90542
strftime_case____0-90916	strftime_case____0-90548
re_search_internal-102619	re_search_internal-102387
_G_-126341	_G_-126342
md5_process_bytes-112812	md5_process_bytes-112865
mergefps-117853	mergefps-118157
fraccompare-89760	fraccompare-89740
fraccompare-89760	fraccompare-89742
fraccompare-89760	fraccompare-89744
fraccompare-89760	fraccompare-89748
fraccompare-89761	fraccompare-89740
fraccompare-89761	fraccompare-89746
fraccompare-89761	fraccompare-89750
begfield-116167	begfield-116277
begfield-116179	begfield-116281
canonicalize_filename_mode-80571	canonicalize_filename_mode-84667
canonicalize_filename_mode-80571	canonicalize_filename_mode-84645
canonicalize_filename_mode-80571	canonicalize_filename_mode-84647
canonicalize_filename_mode-80571	canonicalize_filename_mode-84677
canonicalize_filename_mode-80571	canonicalize_filename_mode-84705
avoid_trashing_input-118268	avoid_trashing_input-118532
re_node_set_remove_at-96387	re_node_set_remove_at-96385
add_exclude_file-84089	add_exclude_file-83970
get_subexp-ENTRY	get_subexp-104517
get_subexp-ENTRY	get_subexp-104503
get_subexp-ENTRY	get_subexp-104493
transit_state_bkref-104200	transit_state_bkref-104327
re_string_reconstruct-95925	re_string_reconstruct-95723
mergefps-118246	mergefps-118143
get_charset_aliases-78043	get_charset_aliases-78045
sift_states_bkref-103906	sift_states_bkref-103864
md5_process_bytes-112806	md5_process_bytes-112861
begfield-116154	begfield-116273
vasnprintf-88224	vasnprintf-87679
match_ctx_init-ENTRY	match_ctx_init-106367
match_ctx_init-ENTRY	match_ctx_init-106369
prune_impossible_nodes-102874	prune_impossible_nodes-102844
re_search_internal-101850	re_search_internal-102423
sort-118824	sort-118778
find_recover_state-104070	find_recover_state-104063
find_recover_state-104070	find_recover_state-104061
begfield-116203	begfield-116287
md5_process_block-113714	md5_process_block-113710
build_sifted_states-ENTRY	build_sifted_states-103437
check_node_accept_bytes-105971	check_node_accept_bytes-106136
vasnprintf-85146	vasnprintf-87787
mergefps-118214	mergefps-118135
begfield-116250	begfield-116297
vasnprintf-84601	vasnprintf-87565
main-120536	main-120070
getmonth-116673	getmonth-116776
build_wcs_buffer-94986	build_wcs_buffer-94969
uinttostr-89409	uinttostr-89398
fraccompare-87297	fraccompare-89758
get_subexp-104557	get_subexp-104499
re_search_internal-ENTRY	re_search_internal-102361
re_search_internal-ENTRY	re_search_internal-102357
re_node_set_compare-96210	re_node_set_compare-96362
main-119671	main-120052
fts_safe_changedir-82073	fts_safe_changedir-82017
strftime_case_-82546	strftime_case_-82549
compare-117665	compare-117651
strftime_case_-82828	strftime_case_-82291
strftime_case_-82828	strftime_case_-82285
open_temp-115741	open_temp-115700
check_matching-103041	check_matching-102968
general_numcompare-ENTRY	general_numcompare-116742
general_numcompare-ENTRY	general_numcompare-116740
general_numcompare-ENTRY	general_numcompare-116744
re_acquire_state-96389	re_acquire_state-96484
build_wcs_buffer-95021	build_wcs_buffer-94973
main-120120	main-119850
build_wcs_upper_buffer-95118	build_wcs_upper_buffer-95280
re_search_internal-102736	re_search_internal-102499
strftime_case____0-90847	strftime_case____0-90474
merge-118642	merge-118601
strftime_case____0-90470	strftime_case____0-90480
sha224_read_ctx-90777	sha224_read_ctx-91911
memcoll-112678	memcoll-112632
hash_rehash-79260	hash_rehash-79268
hash_rehash-79289	hash_rehash-79274
re_string_reconstruct-95338	re_string_reconstruct-95701
re_string_reconstruct-95338	re_string_reconstruct-95703
re_string_reconstruct-95338	re_string_reconstruct-95729
re_string_reconstruct-95821	re_string_reconstruct-95717
re_string_reconstruct-95821	re_string_reconstruct-95713
re_string_reconstruct-95847	re_string_reconstruct-95733
re_string_reconstruct-95849	re_string_reconstruct-95735
readtokens-107233	readtokens-107203
printf_parse-110558	printf_parse-110920
verrevcmp-ENTRY	verrevcmp-83366
verrevcmp-ENTRY	verrevcmp-83362
verrevcmp-ENTRY	verrevcmp-83376
verrevcmp-ENTRY	verrevcmp-83374
verrevcmp-ENTRY	verrevcmp-83370
verrevcmp-ENTRY	verrevcmp-83364
verrevcmp-ENTRY	verrevcmp-83382
verrevcmp-ENTRY	verrevcmp-83380
canonicalize_filename_mode-84826	canonicalize_filename_mode-84697
canonicalize_filename_mode-84826	canonicalize_filename_mode-84685
memxfrm-112597	memxfrm-112578
memxfrm-112414	memxfrm-112582
memxfrm-112414	memxfrm-112574
getmonth-ENTRY	getmonth-116786
getmonth-ENTRY	getmonth-116784
getmonth-116792	getmonth-116776
getmonth-116792	getmonth-116782
hash_initialize-ENTRY	hash_initialize-79096
hash_initialize-ENTRY	hash_initialize-79098
hash_initialize-ENTRY	hash_initialize-79100
get_charset_aliases-78092	get_charset_aliases-78047
get_charset_aliases-70720	get_charset_aliases-78075
readtokens-107304	readtokens-107225
xgethostname-87016	xgethostname-86981
get_subexp-104552	get_subexp-104497
get_subexp-104552	get_subexp-104535
get_subexp-104552	get_subexp-104533
get_subexp-104599	get_subexp-104509
vasnprintf-88415	vasnprintf-87775
strftime_case____0-88562	strftime_case____0-90464
strftime_case____0-88562	strftime_case____0-90470
strftime_case____0-88562	strftime_case____0-90440
strftime_case____0-88562	strftime_case____0-90496
strftime_case____0-90828	strftime_case____0-90446
hash_initialize-79123	hash_initialize-79106
hash_initialize-79144	hash_initialize-79114
re_search_internal-102243	re_search_internal-102537
build_trtable-105486	build_trtable-105655
merge-118394	merge-118601
verrevcmp-78857	verrevcmp-83382
fopen_safer-83316	fopen_safer-83293
strftime_case_-82810	strftime_case_-82275
uinttostr-ENTRY	uinttostr-89394
read_file_system_list-111917	read_file_system_list-111828
re_node_set_init_union-95982	re_node_set_init_union-96186
hash_initialize-72145	hash_initialize-79114
build_trtable-105684	build_trtable-105655
build_trtable-105684	build_trtable-105645
get_subexp_sub-104617	get_subexp_sub-104605
strftime_case____0-90704	strftime_case____0-90516
cmp_hashes-ENTRY	cmp_hashes-116884
vasnprintf-85911	vasnprintf-88031
readtoken-106993	readtoken-106965
readtoken-106993	readtoken-106967
re_search_internal-101845	re_search_internal-102433
re_search_internal-101845	re_search_internal-102435
re_search_internal-101845	re_search_internal-102437
re_search_internal-102806	re_search_internal-102507
strftime_case_-83056	strftime_case_-82659
begfield-116272	begfield-116279
memxfrm-ENTRY	memxfrm-112588
memxfrm-ENTRY	memxfrm-112580
canonicalize_filename_mode-84834	canonicalize_filename_mode-84637
strftime_case____0-90838	strftime_case____0-90460
strftime_case____0-90838	strftime_case____0-90466
strftime_case____0-88568	strftime_case____0-90472
strftime_case____0-88568	strftime_case____0-90432
strftime_case____0-88568	strftime_case____0-90456
strftime_case____0-88568	strftime_case____0-90488
strftime_case____0-90693	strftime_case____0-90204
strftime_case____0-90696	strftime_case____0-90212
strftime_case____0-90696	strftime_case____0-90206
strftime_case____0-90722	strftime_case____0-90330
strftime_case____0-90771	strftime_case____0-90376
strftime_case____0-90817	strftime_case____0-90434
strftime_case____0-90835	strftime_case____0-90458
strftime_case____0-90875	strftime_case____0-90502
strftime_case____0-90878	strftime_case____0-90504
strftime_case____0-90878	strftime_case____0-90510
strftime_case____0-90913	strftime_case____0-90540
strftime_case____0-91008	strftime_case____0-90622
strftime_case____0-91011	strftime_case____0-90630
strftime_case____0-91011	strftime_case____0-90624
strftime_case____0-91049	strftime_case____0-90658
strftime_case____0-91052	strftime_case____0-90660
strftime_case____0-91052	strftime_case____0-90666
hash_rehash-72389	hash_rehash-79264
hash_rehash-72389	hash_rehash-79262
vasnprintf-85944	vasnprintf-88045
fillbuf___7-116667	fillbuf___7-116612
limfield-116329	limfield-116418
gen_tempname_len-89728	gen_tempname_len-89651
match_ctx_clean-ENTRY	match_ctx_clean-106400
match_ctx_clean-106407	match_ctx_clean-106404
readtokens-107145	readtokens-107225
hash_lookup-ENTRY	hash_lookup-78973
hash_lookup-ENTRY	hash_lookup-78971
sortlines_temp-ENTRY	sortlines_temp-118490
re_string_reconstruct-95367	re_string_reconstruct-95697
build_trtable-105856	build_trtable-105613
re_string_reconstruct-95396	re_string_reconstruct-95707
check_subexp_limits-103612	check_subexp_limits-103743
open_input_files-117601	open_input_files-117778
duplicate_node_closure-98229	duplicate_node_closure-98376
duplicate_node_closure-98229	duplicate_node_closure-98374
cmp_hashes-116899	cmp_hashes-116880
hash_insert-79344	hash_insert-79328
mergefiles-ENTRY	mergefiles-118428
transit_state_bkref-ENTRY	transit_state_bkref-104327
canonicalize_filename_mode-84750	canonicalize_filename_mode-84663
get_charset_aliases-78098	get_charset_aliases-78051
argmatch-81991	argmatch-85725
xfopen-115511	xfopen-115508
add_exclude_file-84020	add_exclude_file-83978
add_exclude_file-84020	add_exclude_file-83980
add_exclude_file-84053	add_exclude_file-83990
update_cur_sifted_state-ENTRY	update_cur_sifted_state-103513
add_exclude_file-84088	add_exclude_file-83972
merge-118656	merge-118603
add_exclude_file-83992	add_exclude_file-83994
check_ordering_compatibility-118793	check_ordering_compatibility-118918
check_ordering_compatibility-118793	check_ordering_compatibility-118912
check_tuning-79082	check_tuning-79091
open_input_files-ENTRY	open_input_files-117778
open_input_files-ENTRY	open_input_files-117780
order-ENTRY	order-83356
vasnprintf-88524	vasnprintf-88011
build_wcs_upper_buffer-95096	build_wcs_upper_buffer-95278
fnmatch_no_wildcards-83880	fnmatch_no_wildcards-83852
memxfrm-112596	memxfrm-112582
limfield-116437	limfield-116406
limfield-116437	limfield-116414
limfield-116437	limfield-116410
limfield-116437	limfield-116422
limfield-116437	limfield-116418
limfield-116437	limfield-116402
limfield-116437	limfield-116430
proceed_next_node-102811	proceed_next_node-103133
sha256_conclude_ctx-91922	sha256_conclude_ctx-91918
check-117733	check-117699
numcompare-87656	numcompare-89860
initbuf-116179	initbuf-116174
sha256_process_bytes-92076	sha256_process_bytes-92054
mergefps-118359	mergefps-118205
main-119743	main-120092
printf_parse-110339	printf_parse-110782
readtoken-106845	readtoken-106953
filevercmp-83470	filevercmp-83448
re_string_reconstruct-95506	re_string_reconstruct-95735
mergefps-118165	mergefps-118187
mergefps-118333	mergefps-118195
mergefps-118333	mergefps-118193
build_trtable-105395	build_trtable-105639
md5_process_bytes-112876	md5_process_bytes-112859
check_arrival_expand_ecl_sub-104962	check_arrival_expand_ecl_sub-105084
build_trtable-105649	build_trtable-105655
read_file_system_list-111919	read_file_system_list-111830
read_file_system_list-111919	read_file_system_list-111828
default_sort_size-116072	default_sort_size-116087
prune_impossible_nodes-102862	prune_impossible_nodes-102840
prune_impossible_nodes-102862	prune_impossible_nodes-102854
filevercmp-78923	filevercmp-83430
filevercmp-78923	filevercmp-83432
filevercmp-78923	filevercmp-83434
filevercmp-83463	filevercmp-83444
sift_states_bkref-103878	sift_states_bkref-103882
sift_states_bkref-103878	sift_states_bkref-103880
add_temp_dir-115781	add_temp_dir-115777
calc_state_hash-96360	calc_state_hash-96474
add_exclude_file-84052	add_exclude_file-83990
transit_state_mb-104204	transit_state_mb-104181
transit_state_mb-104218	transit_state_mb-104189
check_arrival_add_next_nodes-105021	check_arrival_add_next_nodes-104975
memxfrm-112574	memxfrm-112582
re_node_set_init_union-96181	re_node_set_init_union-96182
proceed_next_node-ENTRY	proceed_next_node-103113
proceed_next_node-ENTRY	proceed_next_node-103133
proceed_next_node-ENTRY	proceed_next_node-103111
proceed_next_node-103157	proceed_next_node-103115
printf_parse-111075	printf_parse-110798
vasnprintf-88150	vasnprintf-88073
vasnprintf-88150	vasnprintf-87571
vasnprintf-88150	vasnprintf-88035
vasnprintf-88150	vasnprintf-87861
vasnprintf-88150	vasnprintf-88095
vasnprintf-88150	vasnprintf-87603
vasnprintf-88150	vasnprintf-87791
fraccompare-87279	fraccompare-89754
posix2_version-111394	posix2_version-111376
compare-117664	compare-117649
strftime_case_-83007	strftime_case_-82603
strftime_case_-83007	strftime_case_-82609
maybe_create_temp-ENTRY	maybe_create_temp-115635
maybe_create_temp-ENTRY	maybe_create_temp-115633
set_ordering-118883	set_ordering-119024
set_ordering-118883	set_ordering-119016
set_ordering-118883	set_ordering-119018
set_ordering-118883	set_ordering-119022
set_ordering-118883	set_ordering-119020
set_ordering-118883	set_ordering-119010
set_ordering-118883	set_ordering-119014
set_ordering-118883	set_ordering-119012
set_ordering-118883	set_ordering-119006
set_ordering-118883	set_ordering-119008
set_ordering-118883	set_ordering-119004
strftime_case_-83004	strftime_case_-82601
strftime_case_-78511	strftime_case_-82775
match_ctx_add_entry-ENTRY	match_ctx_add_entry-106432
match_ctx_add_entry-ENTRY	match_ctx_add_entry-106442
match_ctx_add_entry-ENTRY	match_ctx_add_entry-106436
match_ctx_add_entry-ENTRY	match_ctx_add_entry-106440
match_ctx_add_entry-106458	match_ctx_add_entry-106442
re_node_set_init_union-96175	re_node_set_init_union-96190
re_node_set_init_union-96175	re_node_set_init_union-96194
re_node_set_init_union-96175	re_node_set_init_union-96176
re_node_set_init_union-96175	re_node_set_init_union-96192
vasnprintf-84679	vasnprintf-87601
re_string_construct-94843	re_string_construct-94789
re_string_construct-94843	re_string_construct-94797
general_numcompare-116759	general_numcompare-116752
general_numcompare-116759	general_numcompare-116750
general_numcompare-116759	general_numcompare-116746
general_numcompare-116759	general_numcompare-116748
begfield-116304	begfield-116291
begfield-116304	begfield-116297
begfield-116304	begfield-116277
begfield-116304	begfield-116273
begfield-116304	begfield-116287
begfield-116304	begfield-116283
begfield-116304	begfield-116281
merge-118626	merge-118595
limfield-ENTRY	limfield-116400
limfield-ENTRY	limfield-116408
limfield-116439	limfield-116398
sha256_process_bytes-ENTRY	sha256_process_bytes-92042
md5_process_bytes-ENTRY	md5_process_bytes-112857
md5_process_bytes-ENTRY	md5_process_bytes-112859
md5_process_bytes-ENTRY	md5_process_bytes-112855
open_input_files-117778	open_input_files-117782
open_input_files-117778	open_input_files-117780
extend_buffers-106310	extend_buffers-106276
extend_buffers-106310	extend_buffers-106284
canonicalize_filename_mode-80611	canonicalize_filename_mode-84667
check_arrival-104742	check_arrival-104838
sort_buffer_size-ENTRY	sort_buffer_size-116122
sort_buffer_size-ENTRY	sort_buffer_size-116120
re_node_set_merge-96289	re_node_set_merge-96259
re_node_set_merge-96294	re_node_set_merge-96261
xgethostname-86997	xgethostname-86977
re_node_set_init_union-96171	re_node_set_init_union-96172
re_node_set_init_union-96171	re_node_set_init_union-96194
re_node_set_init_union-96171	re_node_set_init_union-96188
re_node_set_init_union-96171	re_node_set_init_union-96192
extend_buffers-106308	extend_buffers-106306
extend_buffers-106308	extend_buffers-106300
extend_buffers-106308	extend_buffers-106304
check_ordering_compatibility-118912	check_ordering_compatibility-118918
readtokens-107267	readtokens-107211
readtokens-107270	readtokens-107215
readtokens-107270	readtokens-107213
build_wcs_upper_buffer-94917	build_wcs_upper_buffer-95234
fillbuf___7-ENTRY	fillbuf___7-116606
fillbuf___7-ENTRY	fillbuf___7-116624
fillbuf___7-ENTRY	fillbuf___7-116596
fillbuf___7-ENTRY	fillbuf___7-116592
fillbuf___7-ENTRY	fillbuf___7-116594
fillbuf___7-ENTRY	fillbuf___7-116626
group_nodes_into_DFAstates-105966	group_nodes_into_DFAstates-105884
memcoll-ENTRY	memcoll-112628
expand_bkref_cache-105243	expand_bkref_cache-105153
re_search_internal-102826	re_search_internal-102395
group_nodes_into_DFAstates-105585	group_nodes_into_DFAstates-105884
next_prime-ENTRY	next_prime-79069
re_node_set_init_union-96190	re_node_set_init_union-96194
re_node_set_init_union-96190	re_node_set_init_union-96192
add_exclude_file-84017	add_exclude_file-83976
re_string_skip_chars-ENTRY	re_string_skip_chars-95443
sha1_process_bytes-92052	sha1_process_bytes-92583
match_ctx_init-106382	match_ctx_init-106369
record_file-ENTRY	record_file-83706
re_node_set_init_union-96189	re_node_set_init_union-96194
re_node_set_init_union-96189	re_node_set_init_union-96192
mergefps-ENTRY	mergefps-118151
filevercmp-83451	filevercmp-83428
match_ctx_init-106380	match_ctx_init-106367
re_string_reconstruct-95443	re_string_reconstruct-95717
compare_random-116946	compare_random-116939
main-120251	main-120018
readtoken-106872	readtoken-106961
readtoken-106872	readtoken-106969
readtoken-106990	readtoken-106963
match_suffix-78732	match_suffix-83334
match_suffix-78732	match_suffix-83324
match_suffix-78732	match_suffix-83330
match_suffix-78732	match_suffix-83332
match_suffix-78732	match_suffix-83338
md5_stream-112821	md5_stream-112808
umaxtostr-89388	umaxtostr-89380
main-120124	main-119854
strftime_case_-83017	strftime_case_-82617
mergefps-118261	mergefps-118147
printf_parse-110715	printf_parse-110718
fillbuf___7-116682	fillbuf___7-116626
add_exclude_file-84019	add_exclude_file-83980
re_node_set_compare-96356	re_node_set_compare-96362
re_node_set_compare-96356	re_node_set_compare-96358
re_node_set_insert-96149	re_node_set_insert-96310
mergefps-117765	mergefps-118147
memcoll-112670	memcoll-112640
memcoll-112670	memcoll-112642
add_exclude_file-83998	add_exclude_file-84000
duplicate_node_closure-98449	duplicate_node_closure-98384
sift_states_bkref-ENTRY	sift_states_bkref-103878
sift_states_bkref-ENTRY	sift_states_bkref-103870
sift_states_bkref-ENTRY	sift_states_bkref-103882
sift_states_bkref-ENTRY	sift_states_bkref-103880
main-119832	main-119886
main-119832	main-119884
main-119832	main-120028
main-119832	main-119960
main-119832	main-119882
main-120497	main-120038
main-120581	main-120002
main-120587	main-119980
main-120588	main-119974
main-119967	main-119968
add_exclude_file-83988	add_exclude_file-83990
compare-117398	compare-117659
build_trtable-105639	build_trtable-105645
printf_parse-111034	printf_parse-110742
re_node_set_compare-96365	re_node_set_compare-96360
hash_lookup-78980	hash_lookup-78971
randint_genmax-107716	randint_genmax-107701
strftime_case____0-89045	strftime_case____0-90636
read_utmp-106672	read_utmp-106619
extend_buffers-ENTRY	extend_buffers-106306
extend_buffers-ENTRY	extend_buffers-106300
extend_buffers-ENTRY	extend_buffers-106276
extend_buffers-ENTRY	extend_buffers-106294
extend_buffers-ENTRY	extend_buffers-106284
extend_buffers-ENTRY	extend_buffers-106304
strftime_case_-83020	strftime_case_-82619
strftime_case_-83020	strftime_case_-82625
strftime_case____0-88217	strftime_case____0-90228
limfield-116292	limfield-116406
strftime_case____0-90936	strftime_case____0-90558
register_proc-ENTRY	register_proc-115327
strftime_case_-83153	strftime_case_-82749
main-119957	main-119960
strftime_case_-82986	strftime_case_-82579
build_trtable-105406	build_trtable-105645
set_regs-103268	set_regs-103227
set_regs-103268	set_regs-103305
check_ordering_compatibility-ENTRY	check_ordering_compatibility-118918
hash_rehash-79321	hash_rehash-79268
hash_rehash-79321	hash_rehash-79260
hash_rehash-79321	hash_rehash-79262
xgetcwd-87051	xgetcwd-87046
merge-118667	merge-118617
merge-118667	merge-118615
pop_fail_stack-103212	pop_fail_stack-103209
check_tuning-79086	check_tuning-79087
check_tuning-79086	check_tuning-79091
memxfrm-112601	memxfrm-112578
merge-118591	merge-118593
link_count_optimize_ok-81007	link_count_optimize_ok-80995
read_file_system_list-ENTRY	read_file_system_list-111830
read_file_system_list-ENTRY	read_file_system_list-111828
mergefps-118259	mergefps-118183
expand_bkref_cache-ENTRY	expand_bkref_cache-105149
check_matching-ENTRY	check_matching-102962
check_matching-ENTRY	check_matching-102938
check_matching-ENTRY	check_matching-102968
check_matching-ENTRY	check_matching-102974
canonicalize_filename_mode-84769	canonicalize_filename_mode-84701
check-117730	check-117697
check-117730	check-117701
read_utmp-106638	read_utmp-106625
read_utmp-106641	read_utmp-106627
read_utmp-106641	read_utmp-106629
strftime_case____0-88235	strftime_case____0-90536
check_tuning-79093	check_tuning-79087
check_tuning-79093	check_tuning-79081
check_tuning-79093	check_tuning-79089
check_tuning-79093	check_tuning-79085
check_tuning-79093	check_tuning-79083
check_tuning-79093	check_tuning-79091
sha1_finish_ctx-92515	sha1_finish_ctx-92511
random_state-116828	random_state-116822
get_charset_aliases-78088	get_charset_aliases-78043
hash_initialize-79119	hash_initialize-79114
hash_initialize-79119	hash_initialize-79116
re_node_set_add_intersect-96165	re_node_set_add_intersect-96134
mergefps-117634	mergefps-118135
strftime_case_-82973	strftime_case_-82559
calc_state_hash-ENTRY	calc_state_hash-96474
strftime_case_-83080	strftime_case_-82681
push_fail_stack-ENTRY	push_fail_stack-103182
push_fail_stack-103187	push_fail_stack-103182
expand_bkref_cache-105192	expand_bkref_cache-105149
seen_triple-84624	seen_triple-84605
build_wcs_upper_buffer-95269	build_wcs_upper_buffer-95280
link_count_optimize_ok-81004	link_count_optimize_ok-80993
opendirat-80619	opendirat-80606
filevercmp-ENTRY	filevercmp-83430
filevercmp-ENTRY	filevercmp-83432
filevercmp-ENTRY	filevercmp-83434
vasnprintf-86061	vasnprintf-88093
readtokens-107269	readtokens-107215
vasnprintf-88136	vasnprintf-87549
strftime_case_-82946	strftime_case_-82515
sha224_stream-92001	sha224_stream-91988
merge_state_with_log-104025	merge_state_with_log-104004
vasnprintf-88246	vasnprintf-87681
read_file_system_list-111921	read_file_system_list-111810
get_charset_aliases-78048	get_charset_aliases-78049
main-119881	main-119886
main-119881	main-119888
main-119881	main-119884
main-119881	main-119882
strftime_case_-83195	strftime_case_-82789
re_node_set_compare-96360	re_node_set_compare-96362
main-119959	main-119960
sha1_process_block-93179	sha1_process_block-93173
opendirat-80609	opendirat-80604
create_temp_file-ENTRY	create_temp_file-115425
create_temp_file-115449	create_temp_file-115425
limfield-116401	limfield-116408
read_file_system_list-111851	read_file_system_list-111830
read_file_system_list-111851	read_file_system_list-111828
compare-117649	compare-117655
fillbuf___7-116686	fillbuf___7-116628
mergefiles-118433	mergefiles-118428
sort-118680	sort-118778
canonicalize_filename_mode-84685	canonicalize_filename_mode-84697
readtokens-107266	readtokens-107221
build_upper_buffer-95270	build_upper_buffer-95479
create_cd_newstate-ENTRY	create_cd_newstate-96752
create_cd_newstate-ENTRY	create_cd_newstate-96764
sort_buffer_size-116156	sort_buffer_size-116134
re_string_reconstruct-95414	re_string_reconstruct-95709
memxfrm-112605	memxfrm-112584
mergefps-118213	mergefps-118135
mergefps-118230	mergefps-118139
mergefps-118245	mergefps-118143
mergefps-118260	mergefps-118147
md5_finish_ctx-112787	md5_finish_ctx-112783
strftime_case_-82819	strftime_case_-82289
strftime_case_-82819	strftime_case_-82419
strftime_case_-82819	strftime_case_-82795
strftime_case_-82819	strftime_case_-82755
strftime_case_-82819	strftime_case_-82665
strftime_case_-82819	strftime_case_-82691
re_node_set_merge-96286	re_node_set_merge-96255
mergefps-118149	mergefps-118155
sort-118825	sort-118778
fopen_safer-83296	fopen_safer-83283
transit_state_mb-104175	transit_state_mb-104177
open_input_files-117558	open_input_files-117776
mergefps-118187	mergefps-118189
fillbuf___7-116665	fillbuf___7-116612
readtokens-107305	readtokens-107225
hash_rehash-79296	hash_rehash-79276
fillbuf___7-116635	fillbuf___7-116608
fillbuf___7-116636	fillbuf___7-116598
xgethostname-86995	xgethostname-86973
re_string_construct-94895	re_string_construct-94759
mergefps-118274	mergefps-118203
mergefps-118274	mergefps-118183
mergefps-118274	mergefps-118191
mergefps-118274	mergefps-118189
add_epsilon_src_nodes-ENTRY	add_epsilon_src_nodes-103560
strftime_case____0-90810	strftime_case____0-90420
main-119974	main-119978
printf_parse-110549	printf_parse-110916
parse_with_separator-89134	parse_with_separator-89135
get_subexp-104500	get_subexp-104503
sift_states_iter_mb-103957	sift_states_iter_mb-103960
create_cd_newstate-96788	create_cd_newstate-96764
vasnprintf-88156	vasnprintf-87559
main-119089	main-119868
keycompare-117460	keycompare-117472
maybe_create_temp-115629	maybe_create_temp-115635
maybe_create_temp-115629	maybe_create_temp-115633
set_regs-103231	set_regs-103233
re_string_construct-ENTRY	re_string_construct-94767
re_string_construct-ENTRY	re_string_construct-94785
re_string_construct-94811	re_string_construct-94789
re_string_construct-94811	re_string_construct-94759
re_string_construct-94811	re_string_construct-94797
re_string_construct-94811	re_string_construct-94767
re_string_construct-94811	re_string_construct-94785
strftime_case_-82953	strftime_case_-82529
hash_rehash-79266	hash_rehash-79272
randint_genmax-107723	randint_genmax-107703
begfield-116278	begfield-116279
check_node_accept_bytes-106184	check_node_accept_bytes-106132
mergefps-117679	mergefps-118139
hash_lookup-78971	hash_lookup-78973
md5_process_bytes-112871	md5_process_bytes-112857
hash_rehash-ENTRY	hash_rehash-79268
hash_rehash-ENTRY	hash_rehash-79274
hash_rehash-ENTRY	hash_rehash-79262
sort-118739	sort-118760
sort-118739	sort-118752
sort-118739	sort-118742
sort-118739	sort-118746
sort-118739	sort-118754
vasnprintf-87538	vasnprintf-87617
vasnprintf-87538	vasnprintf-87619
vasnprintf-87538	vasnprintf-87621
vasnprintf-87538	vasnprintf-87623
vasnprintf-87538	vasnprintf-87625
vasnprintf-87538	vasnprintf-87643
vasnprintf-87538	vasnprintf-87651
vasnprintf-87538	vasnprintf-87663
vasnprintf-87538	vasnprintf-87843
vasnprintf-87538	vasnprintf-87847
compare-117676	compare-117657
strftime_case____0-90447	strftime_case____0-90450
numcompare-87435	numcompare-89802
re_node_set_init_union-96177	re_node_set_init_union-96190
re_node_set_init_union-96177	re_node_set_init_union-96188
strftime_case____0-90678	strftime_case____0-90196
main-120592	main-119890
maybe_create_temp-115644	maybe_create_temp-115629
readisaac-107474	readisaac-107463
vasnprintf-88243	vasnprintf-87679
main-120155	main-119868
printf_parse-110775	printf_parse-110778
general_numcompare-116750	general_numcompare-116754
vasnprintf-87766	vasnprintf-87767
main-120154	main-119868
main-120002	main-120006
_G_-ENTRY	readtokens-107199
_G_-ENTRY	canonicalize_filename_mode-84631
_G_-ENTRY	utimecmp-88972
_G_-ENTRY	utimecmp-88970
random_state-116826	random_state-116818
hash_find_entry-79221	hash_find_entry-79223
hash_find_entry-79221	hash_find_entry-79229
open_input_files-117784	open_input_files-117776
strftime_case____0-90450	strftime_case____0-90454
hash_rehash-79262	hash_rehash-79264
hash_rehash-79262	hash_rehash-79272
check_tuning-79088	check_tuning-79089
main-119910	main-119912
vasnprintf-87592	vasnprintf-87597
vasnprintf-88010	vasnprintf-88011
set_ordering-119016	set_ordering-119018
strftime_case_-82349	strftime_case_-82351
strftime_case_-82401	strftime_case_-82403
strftime_case____0-90294	strftime_case____0-90296
vasnprintf-88073	vasnprintf-88075
strftime_case_-82275	strftime_case_-82277
set_ordering-119018	set_ordering-119020
pipe_fork-115581	pipe_fork-115583
fd_safer-83768	fd_safer-83769
strftime_case____0-90258	strftime_case____0-90260
strftime_case_-82365	strftime_case_-82367
reap-115289	reap-115291
check-117699	check-117701
strftime_case_-82403	strftime_case_-82405
strftime_case____0-90646	strftime_case____0-90648
strftime_case____0-90310	strftime_case____0-90312
strftime_case_-82347	strftime_case_-82349
maybe_create_temp-115633	maybe_create_temp-115635
strftime_case____0-90260	strftime_case____0-90262
strftime_case____0-90228	strftime_case____0-90230
strftime_case_-82385	strftime_case_-82387
main-119920	main-119922
strftime_case_-82345	strftime_case_-82347
strftime_case____0-90266	strftime_case____0-90268
re_node_set_init_union-96192	re_node_set_init_union-96194
strftime_case_-82373	strftime_case_-82375
printf_parse-110862	printf_parse-110864
printf_parse-110850	printf_parse-110852
strftime_case____0-90304	strftime_case____0-90306
printf_parse-110842	printf_parse-110844
printf_parse-110828	printf_parse-110830
main-119900	main-119902
strftime_case____0-90286	strftime_case____0-90288
strftime_case_-82311	strftime_case_-82313
vasnprintf-87571	vasnprintf-87573
sort_buffer_size-116120	sort_buffer_size-116122
sift_states_bkref-103880	sift_states_bkref-103882
main-119898	main-119900
strftime_case_-82357	strftime_case_-82359
strftime_case_-82487	strftime_case_-82489
main-119918	main-119920
printf_parse-110836	printf_parse-110838
printf_parse-110830	printf_parse-110832
strftime_case_-82395	strftime_case_-82397
printf_parse-110834	printf_parse-110836
printf_parse-110826	printf_parse-110828
strftime_case____0-90318	strftime_case____0-90320
strftime_case_-82375	strftime_case_-82377
printf_parse-110848	printf_parse-110850
strftime_case____0-90292	strftime_case____0-90294
strftime_case____0-90284	strftime_case____0-90286
strftime_case____0-90312	strftime_case____0-90314
set_ordering-119022	set_ordering-119024
strftime_case_-82343	strftime_case_-82345
strftime_case____0-90392	strftime_case____0-90394
strftime_case____0-90648	strftime_case____0-90650
vasnprintf-88035	vasnprintf-88037
main-119906	main-119908
build_wcs_upper_buffer-95280	build_wcs_upper_buffer-95282
printf_parse-110844	printf_parse-110846
strftime_case____0-90250	strftime_case____0-90252
strftime_case____0-90316	strftime_case____0-90318
set_ordering-119020	set_ordering-119022
strftime_case_-82323	strftime_case_-82325
keycompare-117404	keycompare-117406
build_wcs_buffer-94973	build_wcs_buffer-94975
strftime_case_-82327	strftime_case_-82329
strftime_case_-82363	strftime_case_-82365
strftime_case_-82367	strftime_case_-82369
set_ordering-119010	set_ordering-119012
strftime_case____0-90254	strftime_case____0-90256
strftime_case____0-90290	strftime_case____0-90292
strftime_case____0-90244	strftime_case____0-90246
strftime_case_-82371	strftime_case_-82373
strftime_case_-82379	strftime_case_-82381
strftime_case____0-90280	strftime_case____0-90282
strftime_case____0-90320	strftime_case____0-90322
vasnprintf-87861	vasnprintf-87863
strftime_case_-82779	strftime_case_-82781
set_ordering-119014	set_ordering-119016
main-119902	main-119904
strftime_case_-82359	strftime_case_-82361
strftime_case_-82341	strftime_case_-82343
strftime_case_-82329	strftime_case_-82331
strftime_case_-82353	strftime_case_-82355
strftime_case_-82325	strftime_case_-82327
strftime_case_-82339	strftime_case_-82341
strftime_case____0-90248	strftime_case____0-90250
strftime_case_-82381	strftime_case_-82383
set_ordering-119012	set_ordering-119014
strftime_case____0-90302	strftime_case____0-90304
printf_parse-110838	printf_parse-110840
strftime_case_-82351	strftime_case_-82353
vasnprintf-88095	vasnprintf-88097
strftime_case____0-90298	strftime_case____0-90300
strftime_case____0-90242	strftime_case____0-90244
specify_nmerge-115965	specify_nmerge-115967
strftime_case____0-90256	strftime_case____0-90258
strftime_case_-82361	strftime_case_-82363
strftime_case____0-90282	strftime_case____0-90284
strftime_case_-82735	strftime_case_-82737
strftime_case_-82377	strftime_case_-82379
strftime_case____0-90262	strftime_case____0-90264
vasnprintf-87775	vasnprintf-87777
strftime_case_-82383	strftime_case_-82385
main-119885	main-119886
printf_parse-110840	printf_parse-110842
vasnprintf-87603	vasnprintf-87605
set_ordering-119006	set_ordering-119008
main-119912	main-119914
set_ordering-119008	set_ordering-119010
strftime_case____0-90270	strftime_case____0-90272
strftime_case_-82335	strftime_case_-82337
main-119904	main-119906
read_file_system_list-111829	read_file_system_list-111830
strftime_case_-82333	strftime_case_-82335
printf_parse-110846	printf_parse-110848
strftime_case____0-90268	strftime_case____0-90270
merge-118603	merge-118611
strftime_case____0-90314	strftime_case____0-90316
strftime_case_-82387	strftime_case_-82389
printf_parse-110860	printf_parse-110862
main-119908	main-119910
printf_parse-110832	printf_parse-110834
re_search_internal-102481	re_search_internal-102483
strftime_case____0-90308	strftime_case____0-90310
strftime_case____0-90196	strftime_case____0-90198
strftime_case____0-90322	strftime_case____0-90324
main-119930	main-119932
strftime_case____0-90272	strftime_case____0-90274
strftime_case_-82775	strftime_case_-82777
strftime_case_-82407	strftime_case_-82409
printf_parse-110852	printf_parse-110854
strftime_case____0-90608	strftime_case____0-90610
strftime_case_-82777	strftime_case_-82779
re_string_skip_chars-95447	re_string_skip_chars-95449
memxfrm-112578	memxfrm-112580
strftime_case_-82391	strftime_case_-82393
vasnprintf-87791	vasnprintf-87793
vasnprintf-87560	vasnprintf-87565
re_string_skip_chars-95445	re_string_skip_chars-95447
strftime_case_-82369	strftime_case_-82371
strftime_case_-82355	strftime_case_-82357
strftime_case_-82331	strftime_case_-82333
strftime_case_-82337	strftime_case_-82339
strftime_case____0-90288	strftime_case____0-90290
strftime_case_-82399	strftime_case_-82401
printf_parse-110856	printf_parse-110858
main-119914	main-119916
strftime_case____0-90274	strftime_case____0-90276
set_ordering-119004	set_ordering-119006
strftime_case_-82393	strftime_case_-82395
clean_state_log_if_needed-103469	clean_state_log_if_needed-103471
strftime_case____0-90324	strftime_case____0-90326
strftime_case____0-90264	strftime_case____0-90266
strftime_case_-82397	strftime_case_-82399
strftime_case____0-90296	strftime_case____0-90298
strftime_case____0-90278	strftime_case____0-90280
strftime_case____0-90644	strftime_case____0-90646
strftime_case_-82405	strftime_case_-82407
main-119896	main-119898
strftime_case____0-90306	strftime_case____0-90308
main-119883	main-119884
posix2_version-111375	posix2_version-111376
strftime_case____0-90276	strftime_case____0-90278
strftime_case____0-90246	strftime_case____0-90248
vasnprintf-87681	vasnprintf-87683
strftime_case____0-90240	strftime_case____0-90242
getmonth-116784	getmonth-116786
strftime_case____0-90300	strftime_case____0-90302
re_search_internal-102536	re_search_internal-102537
strftime_case____0-90252	strftime_case____0-90254
strftime_case_-82389	strftime_case_-82391
mergefiles-118429	mergefiles-118430
build_wcs_upper_buffer-95259	build_wcs_upper_buffer-95260
main-119922	main-119924
numcompare-89785	numcompare-89786
printf_parse-110858	printf_parse-110860
main-119916	main-119918
main-119928	main-119930
printf_parse-110670	printf_parse-110672
printf_parse-110706	printf_parse-110708
main-119890	main-119894
printf_parse-110854	printf_parse-110856
main-119936	main-119938
main-119926	main-119928
numcompare-89839	numcompare-89840
main-119894	main-119896
re_search_internal-102499	re_search_internal-102501
re_node_set_remove_at-96381	re_node_set_remove_at-96383
build_wcs_buffer-94968	build_wcs_buffer-94969
merge-118604	merge-118609
general_numcompare-116746	general_numcompare-116748
main-119934	main-119936
main-119932	main-119934
xstrtoumax-86025	xstrtoumax-86026
main-119924	main-119926
general_numcompare-116748	general_numcompare-116750
printf_parse-110766	printf_parse-110768
